{
"meta":{"test_sets":[],"test_metrics":[],"learn_metrics":[{"best_value":"Min","name":"Logloss"}],"launch_mode":"Train","parameters":"","iteration_count":1000,"learn_sets":["learn"],"name":"experiment"},
"iterations":[
{"learn":[0.6852841169],"iteration":0,"passed_time":0.002346677965,"remaining_time":2.344331287},
{"learn":[0.677256517],"iteration":1,"passed_time":0.004829252047,"remaining_time":2.409796772},
{"learn":[0.6699179087],"iteration":2,"passed_time":0.006952781648,"remaining_time":2.310641101},
{"learn":[0.6633096316],"iteration":3,"passed_time":0.009294602082,"remaining_time":2.314355918},
{"learn":[0.6574419252],"iteration":4,"passed_time":0.01132215846,"remaining_time":2.253109533},
{"learn":[0.6500716378],"iteration":5,"passed_time":0.01341050682,"remaining_time":2.221673963},
{"learn":[0.6431359896],"iteration":6,"passed_time":0.01526822286,"remaining_time":2.165906471},
{"learn":[0.6359896734],"iteration":7,"passed_time":0.01718822573,"remaining_time":2.131339991},
{"learn":[0.6303256749],"iteration":8,"passed_time":0.01931968305,"remaining_time":2.127311767},
{"learn":[0.6233324761],"iteration":9,"passed_time":0.02144907955,"remaining_time":2.123458875},
{"learn":[0.6167573997],"iteration":10,"passed_time":0.02311015853,"remaining_time":2.077813344},
{"learn":[0.6105436379],"iteration":11,"passed_time":0.02494238305,"remaining_time":2.053589538},
{"learn":[0.6044178362],"iteration":12,"passed_time":0.0267919195,"remaining_time":2.034124965},
{"learn":[0.5985893834],"iteration":13,"passed_time":0.02840221628,"remaining_time":2.000327518},
{"learn":[0.5928469916],"iteration":14,"passed_time":0.03029439929,"remaining_time":1.98933222},
{"learn":[0.5878262809],"iteration":15,"passed_time":0.03216673114,"remaining_time":1.978253965},
{"learn":[0.5825275069],"iteration":16,"passed_time":0.03381357995,"remaining_time":1.955220535},
{"learn":[0.5776534131],"iteration":17,"passed_time":0.03539571259,"remaining_time":1.931032765},
{"learn":[0.5723217336],"iteration":18,"passed_time":0.03716648675,"remaining_time":1.918964395},
{"learn":[0.566841168],"iteration":19,"passed_time":0.03888142483,"remaining_time":1.905189817},
{"learn":[0.5617408363],"iteration":20,"passed_time":0.04054694888,"remaining_time":1.890260141},
{"learn":[0.5565791306],"iteration":21,"passed_time":0.04219043016,"remaining_time":1.875556395},
{"learn":[0.5543460147],"iteration":22,"passed_time":0.04314508317,"remaining_time":1.832728098},
{"learn":[0.5496366345],"iteration":23,"passed_time":0.04492453435,"remaining_time":1.826931063},
{"learn":[0.5450408646],"iteration":24,"passed_time":0.04651755722,"remaining_time":1.814184731},
{"learn":[0.5409255969],"iteration":25,"passed_time":0.0482549971,"remaining_time":1.80770643},
{"learn":[0.5378340257],"iteration":26,"passed_time":0.04997821276,"remaining_time":1.801066704},
{"learn":[0.5336931216],"iteration":27,"passed_time":0.05164691878,"remaining_time":1.792885895},
{"learn":[0.5285268016],"iteration":28,"passed_time":0.05322943147,"remaining_time":1.782268205},
{"learn":[0.5242112114],"iteration":29,"passed_time":0.05505417389,"remaining_time":1.780084956},
{"learn":[0.5200238955],"iteration":30,"passed_time":0.05678292372,"remaining_time":1.774924293},
{"learn":[0.5153109592],"iteration":31,"passed_time":0.05849927506,"remaining_time":1.76960307},
{"learn":[0.5114315493],"iteration":32,"passed_time":0.06047683504,"remaining_time":1.77215453},
{"learn":[0.5071462074],"iteration":33,"passed_time":0.06211426313,"remaining_time":1.764775829},
{"learn":[0.5045713826],"iteration":34,"passed_time":0.06314121426,"remaining_time":1.740893479},
{"learn":[0.5002171377],"iteration":35,"passed_time":0.06460034408,"remaining_time":1.729853658},
{"learn":[0.4967425182],"iteration":36,"passed_time":0.06658479783,"remaining_time":1.733004333},
{"learn":[0.4935321899],"iteration":37,"passed_time":0.0682117612,"remaining_time":1.726834586},
{"learn":[0.4905280297],"iteration":38,"passed_time":0.0698659181,"remaining_time":1.721567879},
{"learn":[0.4866389162],"iteration":39,"passed_time":0.0718776358,"remaining_time":1.725063259},
{"learn":[0.4825912964],"iteration":40,"passed_time":0.07368726351,"remaining_time":1.723563066},
{"learn":[0.4811465387],"iteration":41,"passed_time":0.07467357151,"remaining_time":1.703268607},
{"learn":[0.4777841828],"iteration":42,"passed_time":0.07626985311,"remaining_time":1.697447661},
{"learn":[0.4744581034],"iteration":43,"passed_time":0.07839469909,"remaining_time":1.703303007},
{"learn":[0.471042106],"iteration":44,"passed_time":0.08008984301,"remaining_time":1.699684446},
{"learn":[0.4684726865],"iteration":45,"passed_time":0.08166725561,"remaining_time":1.693707866},
{"learn":[0.4654227842],"iteration":46,"passed_time":0.08344665387,"remaining_time":1.692014067},
{"learn":[0.4625469268],"iteration":47,"passed_time":0.08515987018,"remaining_time":1.689004092},
{"learn":[0.4592480013],"iteration":48,"passed_time":0.0868809233,"remaining_time":1.686199144},
{"learn":[0.4559816811],"iteration":49,"passed_time":0.08847842403,"remaining_time":1.681090057},
{"learn":[0.4536157017],"iteration":50,"passed_time":0.09056167677,"remaining_time":1.685157476},
{"learn":[0.4506286489],"iteration":51,"passed_time":0.09212711637,"remaining_time":1.679548199},
{"learn":[0.4477629962],"iteration":52,"passed_time":0.09375851736,"remaining_time":1.675270112},
{"learn":[0.4450155214],"iteration":53,"passed_time":0.09579933032,"remaining_time":1.678262342},
{"learn":[0.4416255163],"iteration":54,"passed_time":0.09753669903,"remaining_time":1.675857829},
{"learn":[0.43957699],"iteration":55,"passed_time":0.09917272095,"remaining_time":1.671768725},
{"learn":[0.4371622682],"iteration":56,"passed_time":0.1009838987,"remaining_time":1.670663446},
{"learn":[0.4352981681],"iteration":57,"passed_time":0.1023714368,"remaining_time":1.662653336},
{"learn":[0.4329014228],"iteration":58,"passed_time":0.1041723476,"remaining_time":1.661460663},
{"learn":[0.4306632533],"iteration":59,"passed_time":0.1059511214,"remaining_time":1.659900902},
{"learn":[0.4278694355],"iteration":60,"passed_time":0.1210156913,"remaining_time":1.8628481},
{"learn":[0.4253292083],"iteration":61,"passed_time":0.1226731963,"remaining_time":1.855926744},
{"learn":[0.4231729696],"iteration":62,"passed_time":0.1243470024,"remaining_time":1.849414941},
{"learn":[0.420702551],"iteration":63,"passed_time":0.1261631043,"remaining_time":1.845135401},
{"learn":[0.4185350512],"iteration":64,"passed_time":0.127702077,"remaining_time":1.836945261},
{"learn":[0.4162784657],"iteration":65,"passed_time":0.129327569,"remaining_time":1.830181052},
{"learn":[0.4137654487],"iteration":66,"passed_time":0.1311511798,"remaining_time":1.826329116},
{"learn":[0.4118917909],"iteration":67,"passed_time":0.133003662,"remaining_time":1.822932544},
{"learn":[0.4098219601],"iteration":68,"passed_time":0.1345852499,"remaining_time":1.815925618},
{"learn":[0.4076324671],"iteration":69,"passed_time":0.1362724385,"remaining_time":1.810476683},
{"learn":[0.4053883748],"iteration":70,"passed_time":0.1381227876,"remaining_time":1.807268587},
{"learn":[0.4028658221],"iteration":71,"passed_time":0.139709887,"remaining_time":1.80070521},
{"learn":[0.400993641],"iteration":72,"passed_time":0.1412945637,"remaining_time":1.794247404},
{"learn":[0.3988859242],"iteration":73,"passed_time":0.1431105009,"remaining_time":1.790815187},
{"learn":[0.3967809088],"iteration":74,"passed_time":0.1447472371,"remaining_time":1.785215924},
{"learn":[0.3942202343],"iteration":75,"passed_time":0.1464169037,"remaining_time":1.780121303},
{"learn":[0.3926852508],"iteration":76,"passed_time":0.1482732638,"remaining_time":1.777353539},
{"learn":[0.3906339791],"iteration":77,"passed_time":0.1500960825,"remaining_time":1.774212668},
{"learn":[0.389277059],"iteration":78,"passed_time":0.1519684546,"remaining_time":1.77168287},
{"learn":[0.3877949125],"iteration":79,"passed_time":0.1538388397,"remaining_time":1.769146656},
{"learn":[0.3859997569],"iteration":80,"passed_time":0.1555478583,"remaining_time":1.764796072},
{"learn":[0.3848525403],"iteration":81,"passed_time":0.1573165519,"remaining_time":1.761177984},
{"learn":[0.3833399334],"iteration":82,"passed_time":0.1589296428,"remaining_time":1.755885331},
{"learn":[0.381729004],"iteration":83,"passed_time":0.1608865695,"remaining_time":1.754429735},
{"learn":[0.3799659002],"iteration":84,"passed_time":0.1624891473,"remaining_time":1.749147879},
{"learn":[0.3787055816],"iteration":85,"passed_time":0.1642836383,"remaining_time":1.745991225},
{"learn":[0.3773423453],"iteration":86,"passed_time":0.1662403795,"remaining_time":1.74456858},
{"learn":[0.3754363437],"iteration":87,"passed_time":0.1679575457,"remaining_time":1.740650928},
{"learn":[0.3734345294],"iteration":88,"passed_time":0.1697389094,"remaining_time":1.737439848},
{"learn":[0.3715451726],"iteration":89,"passed_time":0.1715779833,"remaining_time":1.734844054},
{"learn":[0.3698060626],"iteration":90,"passed_time":0.1731836409,"remaining_time":1.729933292},
{"learn":[0.3682855707],"iteration":91,"passed_time":0.1748474726,"remaining_time":1.725668534},
{"learn":[0.3670035024],"iteration":92,"passed_time":0.1763986597,"remaining_time":1.720361122},
{"learn":[0.365893984],"iteration":93,"passed_time":0.1781219085,"remaining_time":1.716792012},
{"learn":[0.3645028932],"iteration":94,"passed_time":0.1799448111,"remaining_time":1.714211095},
{"learn":[0.3629289273],"iteration":95,"passed_time":0.1818233794,"remaining_time":1.712170156},
{"learn":[0.3615649527],"iteration":96,"passed_time":0.1838597797,"remaining_time":1.711601867},
{"learn":[0.3600816021],"iteration":97,"passed_time":0.1856510422,"remaining_time":1.708747348},
{"learn":[0.3588487847],"iteration":98,"passed_time":0.1872476152,"remaining_time":1.704142437},
{"learn":[0.357082672],"iteration":99,"passed_time":0.18938102,"remaining_time":1.70442918},
{"learn":[0.3553432196],"iteration":100,"passed_time":0.1911431325,"remaining_time":1.70136313},
{"learn":[0.3545698981],"iteration":101,"passed_time":0.192692195,"remaining_time":1.696446972},
{"learn":[0.3536308658],"iteration":102,"passed_time":0.1950306744,"remaining_time":1.698471019},
{"learn":[0.3526141181],"iteration":103,"passed_time":0.1968067539,"remaining_time":1.69556588},
{"learn":[0.3513333555],"iteration":104,"passed_time":0.1984356526,"remaining_time":1.691427705},
{"learn":[0.3500901846],"iteration":105,"passed_time":0.2000278512,"remaining_time":1.687027349},
{"learn":[0.3492726231],"iteration":106,"passed_time":0.2018205784,"remaining_time":1.684353051},
{"learn":[0.3478989513],"iteration":107,"passed_time":0.2034621278,"remaining_time":1.680446463},
{"learn":[0.3466120392],"iteration":108,"passed_time":0.2050024119,"remaining_time":1.675753661},
{"learn":[0.3457607075],"iteration":109,"passed_time":0.2067421824,"remaining_time":1.672732203},
{"learn":[0.3441554154],"iteration":110,"passed_time":0.2085529432,"remaining_time":1.670302401},
{"learn":[0.3433782739],"iteration":111,"passed_time":0.2102507646,"remaining_time":1.666988205},
{"learn":[0.3424440067],"iteration":112,"passed_time":0.2118585079,"remaining_time":1.662995545},
{"learn":[0.3412116254],"iteration":113,"passed_time":0.2139643851,"remaining_time":1.662916186},
{"learn":[0.3402825404],"iteration":114,"passed_time":0.2157180299,"remaining_time":1.660090926},
{"learn":[0.3389273012],"iteration":115,"passed_time":0.2172989695,"remaining_time":1.655968009},
{"learn":[0.3381335544],"iteration":116,"passed_time":0.2192625888,"remaining_time":1.654776632},
{"learn":[0.3373105808],"iteration":117,"passed_time":0.2211050429,"remaining_time":1.652666507},
{"learn":[0.3365424491],"iteration":118,"passed_time":0.222711401,"remaining_time":1.648812977},
{"learn":[0.3352136081],"iteration":119,"passed_time":0.2247220378,"remaining_time":1.647961611},
{"learn":[0.3340714377],"iteration":120,"passed_time":0.2265552348,"remaining_time":1.645802078},
{"learn":[0.3332839884],"iteration":121,"passed_time":0.2285803615,"remaining_time":1.645029159},
{"learn":[0.3325037718],"iteration":122,"passed_time":0.230646654,"remaining_time":1.644529395},
{"learn":[0.3318881293],"iteration":123,"passed_time":0.2323894451,"remaining_time":1.641718983},
{"learn":[0.3307012225],"iteration":124,"passed_time":0.2341407944,"remaining_time":1.638985561},
{"learn":[0.3299400211],"iteration":125,"passed_time":0.235927494,"remaining_time":1.636512935},
{"learn":[0.3294147957],"iteration":126,"passed_time":0.2378637965,"remaining_time":1.635079483},
{"learn":[0.3281319194],"iteration":127,"passed_time":0.2397597092,"remaining_time":1.633363019},
{"learn":[0.3271222021],"iteration":128,"passed_time":0.2418971161,"remaining_time":1.633274327},
{"learn":[0.3261093336],"iteration":129,"passed_time":0.2439818533,"remaining_time":1.632801634},
{"learn":[0.3250023984],"iteration":130,"passed_time":0.2457917895,"remaining_time":1.630481413},
{"learn":[0.3239871972],"iteration":131,"passed_time":0.2478090075,"remaining_time":1.629531958},
{"learn":[0.3227589058],"iteration":132,"passed_time":0.249453187,"remaining_time":1.626134685},
{"learn":[0.3217930311],"iteration":133,"passed_time":0.2511724118,"remaining_time":1.623248572},
{"learn":[0.3206422589],"iteration":134,"passed_time":0.2529832281,"remaining_time":1.620966609},
{"learn":[0.3196094067],"iteration":135,"passed_time":0.2547172766,"remaining_time":1.618203875},
{"learn":[0.3189853548],"iteration":136,"passed_time":0.2562663078,"remaining_time":1.614290684},
{"learn":[0.3181612434],"iteration":137,"passed_time":0.2578361131,"remaining_time":1.610541518},
{"learn":[0.3174307233],"iteration":138,"passed_time":0.2597537608,"remaining_time":1.608978331},
{"learn":[0.3168987076],"iteration":139,"passed_time":0.2612869627,"remaining_time":1.605048485},
{"learn":[0.3160482499],"iteration":140,"passed_time":0.2631201813,"remaining_time":1.602980395},
{"learn":[0.3154005548],"iteration":141,"passed_time":0.2652835828,"remaining_time":1.602910662},
{"learn":[0.3145584592],"iteration":142,"passed_time":0.2672182938,"remaining_time":1.601441104},
{"learn":[0.3136508245],"iteration":143,"passed_time":0.2688681242,"remaining_time":1.598271627},
{"learn":[0.3131274862],"iteration":144,"passed_time":0.2707450978,"remaining_time":1.596462473},
{"learn":[0.3124456929],"iteration":145,"passed_time":0.2724822623,"remaining_time":1.593834603},
{"learn":[0.312024602],"iteration":146,"passed_time":0.2743818608,"remaining_time":1.59216141},
{"learn":[0.3112836504],"iteration":147,"passed_time":0.2761118118,"remaining_time":1.589508538},
{"learn":[0.3107046912],"iteration":148,"passed_time":0.2780700959,"remaining_time":1.588172159},
{"learn":[0.3098253267],"iteration":149,"passed_time":0.2796924272,"remaining_time":1.584923754},
{"learn":[0.309130519],"iteration":150,"passed_time":0.2815836102,"remaining_time":1.58320851},
{"learn":[0.3086972271],"iteration":151,"passed_time":0.2835587706,"remaining_time":1.581959457},
{"learn":[0.3081534249],"iteration":152,"passed_time":0.2850086362,"remaining_time":1.577792908},
{"learn":[0.307487393],"iteration":153,"passed_time":0.2866017172,"remaining_time":1.574448395},
{"learn":[0.3066841347],"iteration":154,"passed_time":0.2885821116,"remaining_time":1.573237963},
{"learn":[0.3059500386],"iteration":155,"passed_time":0.2905876572,"remaining_time":1.572153735},
{"learn":[0.305253851],"iteration":156,"passed_time":0.2921804133,"remaining_time":1.568841327},
{"learn":[0.3044870368],"iteration":157,"passed_time":0.29412145,"remaining_time":1.567406714},
{"learn":[0.3039258744],"iteration":158,"passed_time":0.2957586187,"remaining_time":1.56435848},
{"learn":[0.3033457103],"iteration":159,"passed_time":0.2975832151,"remaining_time":1.562311879},
{"learn":[0.3030925462],"iteration":160,"passed_time":0.2991796263,"remaining_time":1.559078922},
{"learn":[0.302581662],"iteration":161,"passed_time":0.3009131096,"remaining_time":1.556575221},
{"learn":[0.3019161497],"iteration":162,"passed_time":0.3024972491,"remaining_time":1.553314095},
{"learn":[0.3014895609],"iteration":163,"passed_time":0.3042125579,"remaining_time":1.550742063},
{"learn":[0.3009554506],"iteration":164,"passed_time":0.3062284229,"remaining_time":1.549701413},
{"learn":[0.3004392953],"iteration":165,"passed_time":0.3078440534,"remaining_time":1.546638196},
{"learn":[0.2996556225],"iteration":166,"passed_time":0.3095147622,"remaining_time":1.543867047},
{"learn":[0.2992041515],"iteration":167,"passed_time":0.3113679076,"remaining_time":1.542012495},
{"learn":[0.2985350746],"iteration":168,"passed_time":0.3132502362,"remaining_time":1.540301457},
{"learn":[0.2979052809],"iteration":169,"passed_time":0.3148601272,"remaining_time":1.537258268},
{"learn":[0.2973778084],"iteration":170,"passed_time":0.3164551919,"remaining_time":1.534159965},
{"learn":[0.296716529],"iteration":171,"passed_time":0.3187321117,"remaining_time":1.534361561},
{"learn":[0.2960558023],"iteration":172,"passed_time":0.3206895687,"remaining_time":1.53300736},
{"learn":[0.2952121422],"iteration":173,"passed_time":0.3226154403,"remaining_time":1.531496286},
{"learn":[0.2947528008],"iteration":174,"passed_time":0.3244703783,"remaining_time":1.529646069},
{"learn":[0.2943305522],"iteration":175,"passed_time":0.3260448339,"remaining_time":1.526482632},
{"learn":[0.2942461298],"iteration":176,"passed_time":0.3268374123,"remaining_time":1.51970164},
{"learn":[0.2936189705],"iteration":177,"passed_time":0.3289734972,"remaining_time":1.519192217},
{"learn":[0.2930104573],"iteration":178,"passed_time":0.3307452181,"remaining_time":1.516993431},
{"learn":[0.2925542419],"iteration":179,"passed_time":0.3323021827,"remaining_time":1.513821054},
{"learn":[0.2919217168],"iteration":180,"passed_time":0.3340970824,"remaining_time":1.511743152},
{"learn":[0.2912697702],"iteration":181,"passed_time":0.3361244443,"remaining_time":1.510713162},
{"learn":[0.2907261406],"iteration":182,"passed_time":0.3377487839,"remaining_time":1.507872986},
{"learn":[0.2902882984],"iteration":183,"passed_time":0.3392893818,"remaining_time":1.50467465},
{"learn":[0.2899288672],"iteration":184,"passed_time":0.3412294191,"remaining_time":1.503253927},
{"learn":[0.2893784444],"iteration":185,"passed_time":0.3432376113,"remaining_time":1.50212589},
{"learn":[0.2891205706],"iteration":186,"passed_time":0.345052819,"remaining_time":1.500149422},
{"learn":[0.2887670431],"iteration":187,"passed_time":0.3469432001,"remaining_time":1.498499354},
{"learn":[0.2884642161],"iteration":188,"passed_time":0.3485348727,"remaining_time":1.495564983},
{"learn":[0.2878979589],"iteration":189,"passed_time":0.350149226,"remaining_time":1.492741437},
{"learn":[0.2872001568],"iteration":190,"passed_time":0.3520586102,"remaining_time":1.491180187},
{"learn":[0.2864832407],"iteration":191,"passed_time":0.3539092615,"remaining_time":1.489368142},
{"learn":[0.286124139],"iteration":192,"passed_time":0.3555431074,"remaining_time":1.486649159},
{"learn":[0.2854617883],"iteration":193,"passed_time":0.3571227109,"remaining_time":1.483716005},
{"learn":[0.2849260878],"iteration":194,"passed_time":0.3590994482,"remaining_time":1.482436184},
{"learn":[0.284315924],"iteration":195,"passed_time":0.3609646188,"remaining_time":1.480691599},
{"learn":[0.2838505392],"iteration":196,"passed_time":0.3626331742,"remaining_time":1.47814436},
{"learn":[0.2834163259],"iteration":197,"passed_time":0.3646837414,"remaining_time":1.477153336},
{"learn":[0.2829364003],"iteration":198,"passed_time":0.366406087,"remaining_time":1.474830531},
{"learn":[0.282525403],"iteration":199,"passed_time":0.3679495815,"remaining_time":1.471798326},
{"learn":[0.2824186455],"iteration":200,"passed_time":0.369086476,"remaining_time":1.467164648},
{"learn":[0.2818508943],"iteration":201,"passed_time":0.3707653907,"remaining_time":1.464706841},
{"learn":[0.2815388326],"iteration":202,"passed_time":0.3723126134,"remaining_time":1.461739669},
{"learn":[0.2811935579],"iteration":203,"passed_time":0.374116287,"remaining_time":1.459787081},
{"learn":[0.2808467778],"iteration":204,"passed_time":0.3762127382,"remaining_time":1.458971351},
{"learn":[0.2801967287],"iteration":205,"passed_time":0.3780035983,"remaining_time":1.456965325},
{"learn":[0.2797998801],"iteration":206,"passed_time":0.3796370262,"remaining_time":1.454358269},
{"learn":[0.2794107407],"iteration":207,"passed_time":0.3814299959,"remaining_time":1.452368061},
{"learn":[0.2792114116],"iteration":208,"passed_time":0.3830673383,"remaining_time":1.44979074},
{"learn":[0.2787191725],"iteration":209,"passed_time":0.3848258659,"remaining_time":1.447678258},
{"learn":[0.2784408059],"iteration":210,"passed_time":0.3864721354,"remaining_time":1.445149359},
{"learn":[0.2779832544],"iteration":211,"passed_time":0.3883387896,"remaining_time":1.443447954},
{"learn":[0.2774946264],"iteration":212,"passed_time":0.3903123211,"remaining_time":1.442139891},
{"learn":[0.2772919344],"iteration":213,"passed_time":0.391857323,"remaining_time":1.439251663},
{"learn":[0.2768864678],"iteration":214,"passed_time":0.3937032386,"remaining_time":1.437474615},
{"learn":[0.2764887146],"iteration":215,"passed_time":0.395291458,"remaining_time":1.434761588},
{"learn":[0.276151803],"iteration":216,"passed_time":0.3972191889,"remaining_time":1.433283986},
{"learn":[0.2757960595],"iteration":217,"passed_time":0.3991766771,"remaining_time":1.431908998},
{"learn":[0.2752581376],"iteration":218,"passed_time":0.4008109035,"remaining_time":1.42937587},
{"learn":[0.27467156],"iteration":219,"passed_time":0.4023706498,"remaining_time":1.426586849},
{"learn":[0.2743020988],"iteration":220,"passed_time":0.4043123691,"remaining_time":1.425155364},
{"learn":[0.2740034862],"iteration":221,"passed_time":0.406064187,"remaining_time":1.423053773},
{"learn":[0.2735647053],"iteration":222,"passed_time":0.4077436514,"remaining_time":1.420703216},
{"learn":[0.2733725302],"iteration":223,"passed_time":0.4096375286,"remaining_time":1.419101438},
{"learn":[0.272945453],"iteration":224,"passed_time":0.4117246839,"remaining_time":1.4181628},
{"learn":[0.2725064902],"iteration":225,"passed_time":0.4134428569,"remaining_time":1.415950315},
{"learn":[0.2721018755],"iteration":226,"passed_time":0.4149976618,"remaining_time":1.41318587},
{"learn":[0.2717831282],"iteration":227,"passed_time":0.416785233,"remaining_time":1.411220175},
{"learn":[0.271386357],"iteration":228,"passed_time":0.4184327666,"remaining_time":1.408784555},
{"learn":[0.2711728804],"iteration":229,"passed_time":0.4201211014,"remaining_time":1.406492383},
{"learn":[0.2708629634],"iteration":230,"passed_time":0.4219831149,"remaining_time":1.404783616},
{"learn":[0.2702281436],"iteration":231,"passed_time":0.4237574884,"remaining_time":1.40278341},
{"learn":[0.2698920641],"iteration":232,"passed_time":0.4253743879,"remaining_time":1.400266762},
{"learn":[0.2696085544],"iteration":233,"passed_time":0.4271479636,"remaining_time":1.398270684},
{"learn":[0.2692953369],"iteration":234,"passed_time":0.4290724138,"remaining_time":1.396767645},
{"learn":[0.2690143839],"iteration":235,"passed_time":0.4306910921,"remaining_time":1.394271163},
{"learn":[0.2686683281],"iteration":236,"passed_time":0.4324175807,"remaining_time":1.392129173},
{"learn":[0.2684147809],"iteration":237,"passed_time":0.4341475467,"remaining_time":1.390001809},
{"learn":[0.26813638],"iteration":238,"passed_time":0.4361229206,"remaining_time":1.388659174},
{"learn":[0.267860347],"iteration":239,"passed_time":0.4378703789,"remaining_time":1.386589533},
{"learn":[0.2674768298],"iteration":240,"passed_time":0.4397307616,"remaining_time":1.384878208},
{"learn":[0.2669298045],"iteration":241,"passed_time":0.4414237198,"remaining_time":1.382641238},
{"learn":[0.2666504553],"iteration":242,"passed_time":0.443346234,"remaining_time":1.381123865},
{"learn":[0.2662809008],"iteration":243,"passed_time":0.4453380197,"remaining_time":1.379817799},
{"learn":[0.2659363294],"iteration":244,"passed_time":0.4471908499,"remaining_time":1.378077925},
{"learn":[0.265692399],"iteration":245,"passed_time":0.4487765542,"remaining_time":1.375518382},
{"learn":[0.2654106054],"iteration":246,"passed_time":0.4503827312,"remaining_time":1.373029136},
{"learn":[0.2651076278],"iteration":247,"passed_time":0.4523025843,"remaining_time":1.371498159},
{"learn":[0.2647789487],"iteration":248,"passed_time":0.4539259536,"remaining_time":1.369069844},
{"learn":[0.2642826052],"iteration":249,"passed_time":0.4554886845,"remaining_time":1.366466053},
{"learn":[0.2639646327],"iteration":250,"passed_time":0.4576965012,"remaining_time":1.365795535},
{"learn":[0.2636485961],"iteration":251,"passed_time":0.4597566936,"remaining_time":1.36467463},
{"learn":[0.2632607556],"iteration":252,"passed_time":0.4613146247,"remaining_time":1.362063338},
{"learn":[0.2628403019],"iteration":253,"passed_time":0.4633203629,"remaining_time":1.360775554},
{"learn":[0.2625012593],"iteration":254,"passed_time":0.4650738651,"remaining_time":1.358745214},
{"learn":[0.2621140844],"iteration":255,"passed_time":0.4670354612,"remaining_time":1.357321809},
{"learn":[0.2620387873],"iteration":256,"passed_time":0.4691422325,"remaining_time":1.356313925},
{"learn":[0.2618261615],"iteration":257,"passed_time":0.4707701266,"remaining_time":1.353920287},
{"learn":[0.2615924775],"iteration":258,"passed_time":0.4723947672,"remaining_time":1.351523253},
{"learn":[0.261322588],"iteration":259,"passed_time":0.4742080687,"remaining_time":1.349669119},
{"learn":[0.2607258112],"iteration":260,"passed_time":0.4758454123,"remaining_time":1.347317087},
{"learn":[0.2606857885],"iteration":261,"passed_time":0.477496382,"remaining_time":1.345008893},
{"learn":[0.2603950752],"iteration":262,"passed_time":0.4791977129,"remaining_time":1.342846823},
{"learn":[0.2601031369],"iteration":263,"passed_time":0.4814466578,"remaining_time":1.342214925},
{"learn":[0.2600739664],"iteration":264,"passed_time":0.4832103951,"remaining_time":1.340225058},
{"learn":[0.2597675324],"iteration":265,"passed_time":0.4848543578,"remaining_time":1.337906386},
{"learn":[0.2592188332],"iteration":266,"passed_time":0.4867894225,"remaining_time":1.336391935},
{"learn":[0.2588373521],"iteration":267,"passed_time":0.4884410741,"remaining_time":1.334100247},
{"learn":[0.258343036],"iteration":268,"passed_time":0.4902184529,"remaining_time":1.332154978},
{"learn":[0.2580371798],"iteration":269,"passed_time":0.492347422,"remaining_time":1.331161548},
{"learn":[0.2578508647],"iteration":270,"passed_time":0.4938194153,"remaining_time":1.328392449},
{"learn":[0.2575136336],"iteration":271,"passed_time":0.4956058769,"remaining_time":1.326474553},
{"learn":[0.2570098129],"iteration":272,"passed_time":0.4975469486,"remaining_time":1.324969347},
{"learn":[0.2567772799],"iteration":273,"passed_time":0.4992722958,"remaining_time":1.322889368},
{"learn":[0.2563122434],"iteration":274,"passed_time":0.5011745788,"remaining_time":1.321278435},
{"learn":[0.2558067648],"iteration":275,"passed_time":0.5029357862,"remaining_time":1.319295323},
{"learn":[0.2555905996],"iteration":276,"passed_time":0.5048676566,"remaining_time":1.317759263},
{"learn":[0.2554625468],"iteration":277,"passed_time":0.5066860109,"remaining_time":1.315925539},
{"learn":[0.2550455011],"iteration":278,"passed_time":0.5082815652,"remaining_time":1.313516159},
{"learn":[0.2546160932],"iteration":279,"passed_time":0.5101687781,"remaining_time":1.311862572},
{"learn":[0.2541586573],"iteration":280,"passed_time":0.5123914715,"remaining_time":1.311065722},
{"learn":[0.2538210069],"iteration":281,"passed_time":0.5140911454,"remaining_time":1.308927101},
{"learn":[0.2535577506],"iteration":282,"passed_time":0.5160277143,"remaining_time":1.307391771},
{"learn":[0.2533049283],"iteration":283,"passed_time":0.5176318107,"remaining_time":1.30501541},
{"learn":[0.2529285027],"iteration":284,"passed_time":0.5191418088,"remaining_time":1.302408398},
{"learn":[0.2526249171],"iteration":285,"passed_time":0.5210400868,"remaining_time":1.300778398},
{"learn":[0.2523166761],"iteration":286,"passed_time":0.5227777286,"remaining_time":1.298747458},
{"learn":[0.2518801232],"iteration":287,"passed_time":0.524545937,"remaining_time":1.296794122},
{"learn":[0.2517897765],"iteration":288,"passed_time":0.5264855407,"remaining_time":1.295263735},
{"learn":[0.2515203814],"iteration":289,"passed_time":0.5284315899,"remaining_time":1.293746306},
{"learn":[0.2513534032],"iteration":290,"passed_time":0.530101113,"remaining_time":1.291552196},
{"learn":[0.2510724611],"iteration":291,"passed_time":0.5318256346,"remaining_time":1.289495032},
{"learn":[0.2507724183],"iteration":292,"passed_time":0.5337907383,"remaining_time":1.288020655},
{"learn":[0.2504320347],"iteration":293,"passed_time":0.5355796542,"remaining_time":1.28611985},
{"learn":[0.2501278753],"iteration":294,"passed_time":0.5373461402,"remaining_time":1.284166199},
{"learn":[0.2499008339],"iteration":295,"passed_time":0.5391528761,"remaining_time":1.282309543},
{"learn":[0.2497028824],"iteration":296,"passed_time":0.5409611204,"remaining_time":1.280456793},
{"learn":[0.2493699469],"iteration":297,"passed_time":0.5428806385,"remaining_time":1.278866471},
{"learn":[0.2489917489],"iteration":298,"passed_time":0.5450085964,"remaining_time":1.277762629},
{"learn":[0.2487705742],"iteration":299,"passed_time":0.5466300625,"remaining_time":1.275470146},
{"learn":[0.2484577656],"iteration":300,"passed_time":0.5482216844,"remaining_time":1.273112815},
{"learn":[0.2480194193],"iteration":301,"passed_time":0.5498893617,"remaining_time":1.270936339},
{"learn":[0.2476980118],"iteration":302,"passed_time":0.5516364693,"remaining_time":1.268945938},
{"learn":[0.2473978519],"iteration":303,"passed_time":0.5534054074,"remaining_time":1.267007117},
{"learn":[0.2472498189],"iteration":304,"passed_time":0.5553702637,"remaining_time":1.265515847},
{"learn":[0.2468589627],"iteration":305,"passed_time":0.5573409735,"remaining_time":1.264034757},
{"learn":[0.2466122625],"iteration":306,"passed_time":0.5590473814,"remaining_time":1.261953861},
{"learn":[0.246248618],"iteration":307,"passed_time":0.5607149089,"remaining_time":1.259788042},
{"learn":[0.245976903],"iteration":308,"passed_time":0.5627333728,"remaining_time":1.258410228},
{"learn":[0.2451861587],"iteration":309,"passed_time":0.5643600329,"remaining_time":1.256156202},
{"learn":[0.2448946801],"iteration":310,"passed_time":0.566151349,"remaining_time":1.254270995},
{"learn":[0.2448313081],"iteration":311,"passed_time":0.568036399,"remaining_time":1.252593085},
{"learn":[0.2447402813],"iteration":312,"passed_time":0.5696882928,"remaining_time":1.250402099},
{"learn":[0.2444089133],"iteration":313,"passed_time":0.5714079557,"remaining_time":1.248362604},
{"learn":[0.2441252695],"iteration":314,"passed_time":0.5733907965,"remaining_time":1.246897446},
{"learn":[0.2440472237],"iteration":315,"passed_time":0.5751883953,"remaining_time":1.245028046},
{"learn":[0.2437817317],"iteration":316,"passed_time":0.5768555812,"remaining_time":1.242878113},
{"learn":[0.2434152157],"iteration":317,"passed_time":0.5784479509,"remaining_time":1.240570763},
{"learn":[0.2433827198],"iteration":318,"passed_time":0.5796943106,"remaining_time":1.237529234},
{"learn":[0.2431233597],"iteration":319,"passed_time":0.5817901019,"remaining_time":1.236303967},
{"learn":[0.2426972158],"iteration":320,"passed_time":0.5833716205,"remaining_time":1.233985453},
{"learn":[0.242584806],"iteration":321,"passed_time":0.5852014269,"remaining_time":1.232194309},
{"learn":[0.2421330294],"iteration":322,"passed_time":0.5870392963,"remaining_time":1.230419825},
{"learn":[0.2419154279],"iteration":323,"passed_time":0.5887194984,"remaining_time":1.22831599},
{"learn":[0.2416295837],"iteration":324,"passed_time":0.590361923,"remaining_time":1.226136302},
{"learn":[0.2414142941],"iteration":325,"passed_time":0.5920446144,"remaining_time":1.22404316},
{"learn":[0.2411729922],"iteration":326,"passed_time":0.5936445914,"remaining_time":1.221782294},
{"learn":[0.2409202815],"iteration":327,"passed_time":0.5951948686,"remaining_time":1.219423633},
{"learn":[0.2406256653],"iteration":328,"passed_time":0.5972325916,"remaining_time":1.218064039},
{"learn":[0.2405304944],"iteration":329,"passed_time":0.5987789371,"remaining_time":1.215702691},
{"learn":[0.2404065071],"iteration":330,"passed_time":0.6005535658,"remaining_time":1.21380766},
{"learn":[0.2401387757],"iteration":331,"passed_time":0.6023450913,"remaining_time":1.211947352},
{"learn":[0.2399030563],"iteration":332,"passed_time":0.6043586418,"remaining_time":1.210532174},
{"learn":[0.2395905968],"iteration":333,"passed_time":0.6059897701,"remaining_time":1.208350859},
{"learn":[0.2394707472],"iteration":334,"passed_time":0.6078636899,"remaining_time":1.206654787},
{"learn":[0.2392948731],"iteration":335,"passed_time":0.6097262858,"remaining_time":1.204935279},
{"learn":[0.2391249188],"iteration":336,"passed_time":0.6113167207,"remaining_time":1.202679483},
{"learn":[0.2388988989],"iteration":337,"passed_time":0.6129852165,"remaining_time":1.200580513},
{"learn":[0.2385094066],"iteration":338,"passed_time":0.6149190412,"remaining_time":1.199001434},
{"learn":[0.2383858531],"iteration":339,"passed_time":0.6167300308,"remaining_time":1.197181824},
{"learn":[0.2381819853],"iteration":340,"passed_time":0.6183652918,"remaining_time":1.195022661},
{"learn":[0.2379136539],"iteration":341,"passed_time":0.6203870875,"remaining_time":1.193610244},
{"learn":[0.237750952],"iteration":342,"passed_time":0.6220361756,"remaining_time":1.191480371},
{"learn":[0.2375454433],"iteration":343,"passed_time":0.6237306533,"remaining_time":1.189439851},
{"learn":[0.2374552702],"iteration":344,"passed_time":0.625508281,"remaining_time":1.1875592},
{"learn":[0.2372517243],"iteration":345,"passed_time":0.6276261777,"remaining_time":1.186322313},
{"learn":[0.2370589361],"iteration":346,"passed_time":0.6293795897,"remaining_time":1.184394444},
{"learn":[0.2368558905],"iteration":347,"passed_time":0.6313253848,"remaining_time":1.18282802},
{"learn":[0.2367842701],"iteration":348,"passed_time":0.6330866011,"remaining_time":1.180915121},
{"learn":[0.2364515696],"iteration":349,"passed_time":0.6349408132,"remaining_time":1.179175796},
{"learn":[0.2363342913],"iteration":350,"passed_time":0.6366627658,"remaining_time":1.177191268},
{"learn":[0.2360863287],"iteration":351,"passed_time":0.6385341609,"remaining_time":1.175483342},
{"learn":[0.2360177486],"iteration":352,"passed_time":0.6401244795,"remaining_time":1.173259315},
{"learn":[0.235678651],"iteration":353,"passed_time":0.6418556736,"remaining_time":1.171295947},
{"learn":[0.2352984048],"iteration":354,"passed_time":0.6437219288,"remaining_time":1.169579279},
{"learn":[0.2352333747],"iteration":355,"passed_time":0.6454119722,"remaining_time":1.167543006},
{"learn":[0.2351434492],"iteration":356,"passed_time":0.6469729615,"remaining_time":1.16527623},
{"learn":[0.2350876614],"iteration":357,"passed_time":0.6488296049,"remaining_time":1.163543593},
{"learn":[0.2349713933],"iteration":358,"passed_time":0.6507330753,"remaining_time":1.161893875},
{"learn":[0.234726877],"iteration":359,"passed_time":0.6524862365,"remaining_time":1.159975532},
{"learn":[0.2345254121],"iteration":360,"passed_time":0.6542481574,"remaining_time":1.158073608},
{"learn":[0.2343174397],"iteration":361,"passed_time":0.6560617928,"remaining_time":1.156263602},
{"learn":[0.2341590701],"iteration":362,"passed_time":0.6577125475,"remaining_time":1.154167749},
{"learn":[0.2341174686],"iteration":363,"passed_time":0.6592173311,"remaining_time":1.151819293},
{"learn":[0.233834525],"iteration":364,"passed_time":0.6613552992,"remaining_time":1.150577027},
{"learn":[0.2337456598],"iteration":365,"passed_time":0.6631579854,"remaining_time":1.148749079},
{"learn":[0.2334013714],"iteration":366,"passed_time":0.6647773076,"remaining_time":1.146605002},
{"learn":[0.2332330622],"iteration":367,"passed_time":0.6668271627,"remaining_time":1.145203171},
{"learn":[0.2329279707],"iteration":368,"passed_time":0.6684959455,"remaining_time":1.143146183},
{"learn":[0.2328338911],"iteration":369,"passed_time":0.6701314182,"remaining_time":1.141034577},
{"learn":[0.2327267404],"iteration":370,"passed_time":0.6718186429,"remaining_time":1.139013279},
{"learn":[0.232446694],"iteration":371,"passed_time":0.6738162538,"remaining_time":1.137517762},
{"learn":[0.2323788833],"iteration":372,"passed_time":0.6755221806,"remaining_time":1.135529242},
{"learn":[0.2321736101],"iteration":373,"passed_time":0.6776565245,"remaining_time":1.134259316},
{"learn":[0.2319232376],"iteration":374,"passed_time":0.6795202956,"remaining_time":1.132533826},
{"learn":[0.2318147059],"iteration":375,"passed_time":0.6813893255,"remaining_time":1.130816327},
{"learn":[0.2316078283],"iteration":376,"passed_time":0.6830611635,"remaining_time":1.128772161},
{"learn":[0.2314196115],"iteration":377,"passed_time":0.684978186,"remaining_time":1.127133417},
{"learn":[0.2310454632],"iteration":378,"passed_time":0.6866011313,"remaining_time":1.125011352},
{"learn":[0.2308842691],"iteration":379,"passed_time":0.6881364253,"remaining_time":1.122748904},
{"learn":[0.2307264678],"iteration":380,"passed_time":0.6902773004,"remaining_time":1.121474144},
{"learn":[0.2306505892],"iteration":381,"passed_time":0.6919319923,"remaining_time":1.119408302},
{"learn":[0.2305007114],"iteration":382,"passed_time":0.6935687043,"remaining_time":1.117315641},
{"learn":[0.2302928776],"iteration":383,"passed_time":0.695238559,"remaining_time":1.115278522},
{"learn":[0.2300289527],"iteration":384,"passed_time":0.6970642951,"remaining_time":1.113492316},
{"learn":[0.2297409942],"iteration":385,"passed_time":0.6987260239,"remaining_time":1.111445023},
{"learn":[0.2296400339],"iteration":386,"passed_time":0.7003692943,"remaining_time":1.109370484},
{"learn":[0.2294197738],"iteration":387,"passed_time":0.7022745666,"remaining_time":1.10771143},
{"learn":[0.2291539016],"iteration":388,"passed_time":0.7042935835,"remaining_time":1.106229767},
{"learn":[0.2290349766],"iteration":389,"passed_time":0.7060052118,"remaining_time":1.104264562},
{"learn":[0.2287702303],"iteration":390,"passed_time":0.7080056059,"remaining_time":1.102750419},
{"learn":[0.228460375],"iteration":391,"passed_time":0.7097135276,"remaining_time":1.100780165},
{"learn":[0.2283515263],"iteration":392,"passed_time":0.7112690353,"remaining_time":1.098575838},
{"learn":[0.2279612126],"iteration":393,"passed_time":0.7131912168,"remaining_time":1.096938775},
{"learn":[0.2278061235],"iteration":394,"passed_time":0.7150326392,"remaining_time":1.095176574},
{"learn":[0.2276793435],"iteration":395,"passed_time":0.7166302152,"remaining_time":1.093042045},
{"learn":[0.2275681504],"iteration":396,"passed_time":0.7182685211,"remaining_time":1.090972086},
{"learn":[0.2274145057],"iteration":397,"passed_time":0.7201906981,"remaining_time":1.089333669},
{"learn":[0.2271588395],"iteration":398,"passed_time":0.7219383281,"remaining_time":1.087430915},
{"learn":[0.2268108749],"iteration":399,"passed_time":0.7235341961,"remaining_time":1.085301294},
{"learn":[0.22667788],"iteration":400,"passed_time":0.7253775426,"remaining_time":1.08354401},
{"learn":[0.2264833452],"iteration":401,"passed_time":0.7273042559,"remaining_time":1.081910311},
{"learn":[0.2262915687],"iteration":402,"passed_time":0.7290119876,"remaining_time":1.079950761},
{"learn":[0.2261974011],"iteration":403,"passed_time":0.7309621793,"remaining_time":1.078350146},
{"learn":[0.2259679199],"iteration":404,"passed_time":0.7326126483,"remaining_time":1.076307471},
{"learn":[0.2258084866],"iteration":405,"passed_time":0.7341525777,"remaining_time":1.074105003},
{"learn":[0.2255603219],"iteration":406,"passed_time":0.736063066,"remaining_time":1.072445696},
{"learn":[0.225308225],"iteration":407,"passed_time":0.73783666,"remaining_time":1.070586526},
{"learn":[0.2250909944],"iteration":408,"passed_time":0.739804806,"remaining_time":1.069008901},
{"learn":[0.2248413627],"iteration":409,"passed_time":0.7414273749,"remaining_time":1.066932076},
{"learn":[0.2246703443],"iteration":410,"passed_time":0.7433924846,"remaining_time":1.065348354},
{"learn":[0.224472482],"iteration":411,"passed_time":0.7450218356,"remaining_time":1.063283591},
{"learn":[0.2243047066],"iteration":412,"passed_time":0.7464851407,"remaining_time":1.060984934},
{"learn":[0.2239096842],"iteration":413,"passed_time":0.7483597417,"remaining_time":1.059272485},
{"learn":[0.2237928817],"iteration":414,"passed_time":0.7504783676,"remaining_time":1.057903241},
{"learn":[0.2236445755],"iteration":415,"passed_time":0.7522082031,"remaining_time":1.055984593},
{"learn":[0.2234949098],"iteration":416,"passed_time":0.7540883845,"remaining_time":1.054277046},
{"learn":[0.2233916123],"iteration":417,"passed_time":0.755832809,"remaining_time":1.052379653},
{"learn":[0.2230990366],"iteration":418,"passed_time":0.7574389517,"remaining_time":1.050291243},
{"learn":[0.2229130819],"iteration":419,"passed_time":0.7593476817,"remaining_time":1.048622989},
{"learn":[0.2227967133],"iteration":420,"passed_time":0.7611556324,"remaining_time":1.046814991},
{"learn":[0.2225600423],"iteration":421,"passed_time":0.7628128222,"remaining_time":1.044800501},
{"learn":[0.2224473292],"iteration":422,"passed_time":0.7644441561,"remaining_time":1.04275243},
{"learn":[0.2223030053],"iteration":423,"passed_time":0.766602981,"remaining_time":1.041422918},
{"learn":[0.2220349974],"iteration":424,"passed_time":0.7681832722,"remaining_time":1.03930678},
{"learn":[0.221939479],"iteration":425,"passed_time":0.769692584,"remaining_time":1.037097519},
{"learn":[0.2217055963],"iteration":426,"passed_time":0.7716048544,"remaining_time":1.035432275},
{"learn":[0.221572714],"iteration":427,"passed_time":0.7736119322,"remaining_time":1.033892582},
{"learn":[0.2211299857],"iteration":428,"passed_time":0.775527664,"remaining_time":1.032229129},
{"learn":[0.2211069597],"iteration":429,"passed_time":0.7776273776,"remaining_time":1.030808384},
{"learn":[0.2210003999],"iteration":430,"passed_time":0.7792430283,"remaining_time":1.028745436},
{"learn":[0.2204834208],"iteration":431,"passed_time":0.7811036852,"remaining_time":1.027006697},
{"learn":[0.2202946199],"iteration":432,"passed_time":0.7830840635,"remaining_time":1.025424166},
{"learn":[0.2200306727],"iteration":433,"passed_time":0.7847748372,"remaining_time":1.023462115},
{"learn":[0.2199633966],"iteration":434,"passed_time":0.7863384742,"remaining_time":1.021336179},
{"learn":[0.2198087305],"iteration":435,"passed_time":0.7878357646,"remaining_time":1.019126998},
{"learn":[0.2197245162],"iteration":436,"passed_time":0.789817694,"remaining_time":1.01754545},
{"learn":[0.2195319371],"iteration":437,"passed_time":0.7913980478,"remaining_time":1.01544681},
{"learn":[0.2194104712],"iteration":438,"passed_time":0.7928725972,"remaining_time":1.013215324},
{"learn":[0.219281831],"iteration":439,"passed_time":0.7949383595,"remaining_time":1.01173973},
{"learn":[0.2191205],"iteration":440,"passed_time":0.7975175786,"remaining_time":1.010912305},
{"learn":[0.2189816091],"iteration":441,"passed_time":0.7991974797,"remaining_time":1.008941615},
{"learn":[0.2186527903],"iteration":442,"passed_time":0.8011184524,"remaining_time":1.007275345},
{"learn":[0.2183060348],"iteration":443,"passed_time":0.802871507,"remaining_time":1.005397653},
{"learn":[0.2181052412],"iteration":444,"passed_time":0.8047241986,"remaining_time":1.003644787},
{"learn":[0.2180028287],"iteration":445,"passed_time":0.8065795334,"remaining_time":1.001894757},
{"learn":[0.2178455471],"iteration":446,"passed_time":0.8082769826,"remaining_time":0.9999489292},
{"learn":[0.2177153563],"iteration":447,"passed_time":0.809831874,"remaining_time":0.997828559},
{"learn":[0.2174634834],"iteration":448,"passed_time":0.8114907502,"remaining_time":0.9958383148},
{"learn":[0.2173383521],"iteration":449,"passed_time":0.8134724065,"remaining_time":0.9942440524},
{"learn":[0.2171007315],"iteration":450,"passed_time":0.815080626,"remaining_time":0.9921934893},
{"learn":[0.2169662417],"iteration":451,"passed_time":0.8168240576,"remaining_time":0.9903088132},
{"learn":[0.2169236235],"iteration":452,"passed_time":0.8186554751,"remaining_time":0.9885310042},
{"learn":[0.2167288193],"iteration":453,"passed_time":0.820502245,"remaining_time":0.9867714224},
{"learn":[0.2166583068],"iteration":454,"passed_time":0.8223202722,"remaining_time":0.9849770293},
{"learn":[0.2162417179],"iteration":455,"passed_time":0.8242247326,"remaining_time":0.9832856459},
{"learn":[0.2161989923],"iteration":456,"passed_time":0.8257970414,"remaining_time":0.9811986728},
{"learn":[0.2159920532],"iteration":457,"passed_time":0.8276252262,"remaining_time":0.9794167524},
{"learn":[0.21585498],"iteration":458,"passed_time":0.8296775762,"remaining_time":0.9778988426},
{"learn":[0.2157053251],"iteration":459,"passed_time":0.831414708,"remaining_time":0.9760085702},
{"learn":[0.2154706965],"iteration":460,"passed_time":0.8330761946,"remaining_time":0.9740305182},
{"learn":[0.2152850631],"iteration":461,"passed_time":0.8347985864,"remaining_time":0.9721247608},
{"learn":[0.215231143],"iteration":462,"passed_time":0.8366508208,"remaining_time":0.9703703905},
{"learn":[0.2149948668],"iteration":463,"passed_time":0.8382505214,"remaining_time":0.9683238781},
{"learn":[0.2148086729],"iteration":464,"passed_time":0.8398098049,"remaining_time":0.9662327863},
{"learn":[0.2146826444],"iteration":465,"passed_time":0.8416932491,"remaining_time":0.9645154399},
{"learn":[0.2144443397],"iteration":466,"passed_time":0.8433436949,"remaining_time":0.9625314548},
{"learn":[0.2142144959],"iteration":467,"passed_time":0.8451733161,"remaining_time":0.960752573},
{"learn":[0.214058314],"iteration":468,"passed_time":0.8473755931,"remaining_time":0.9593953943},
{"learn":[0.2138484148],"iteration":469,"passed_time":0.8489315323,"remaining_time":0.9573057704},
{"learn":[0.2136153832],"iteration":470,"passed_time":0.8507865157,"remaining_time":0.9555542819},
{"learn":[0.2134337697],"iteration":471,"passed_time":0.8527344372,"remaining_time":0.9539063195},
{"learn":[0.2133392072],"iteration":472,"passed_time":0.8545646817,"remaining_time":0.9521259773},
{"learn":[0.2132485872],"iteration":473,"passed_time":0.8562735312,"remaining_time":0.9502107118},
{"learn":[0.2131222657],"iteration":474,"passed_time":0.8578754911,"remaining_time":0.9481781744},
{"learn":[0.2130739534],"iteration":475,"passed_time":0.8594693807,"remaining_time":0.9461385619},
{"learn":[0.2129244059],"iteration":476,"passed_time":0.8610392996,"remaining_time":0.9440745361},
{"learn":[0.2126659402],"iteration":477,"passed_time":0.8626228481,"remaining_time":0.9420274618},
{"learn":[0.2122922092],"iteration":478,"passed_time":0.8644783331,"remaining_time":0.9402781034},
{"learn":[0.212113481],"iteration":479,"passed_time":0.8661804453,"remaining_time":0.9383621491},
{"learn":[0.2117842296],"iteration":480,"passed_time":0.8678156158,"remaining_time":0.9363748537},
{"learn":[0.2116089513],"iteration":481,"passed_time":0.8693685064,"remaining_time":0.934300594},
{"learn":[0.2114441246],"iteration":482,"passed_time":0.8714883529,"remaining_time":0.9328353591},
{"learn":[0.2113311682],"iteration":483,"passed_time":0.8732427019,"remaining_time":0.9309777566},
{"learn":[0.2111704019],"iteration":484,"passed_time":0.8749043569,"remaining_time":0.9290221522},
{"learn":[0.2111598599],"iteration":485,"passed_time":0.8762090145,"remaining_time":0.9266901923},
{"learn":[0.2110742012],"iteration":486,"passed_time":0.8777973203,"remaining_time":0.9246612429},
{"learn":[0.2108755383],"iteration":487,"passed_time":0.8793997616,"remaining_time":0.9226489303},
{"learn":[0.2107976557],"iteration":488,"passed_time":0.8809177594,"remaining_time":0.9205500512},
{"learn":[0.2106330338],"iteration":489,"passed_time":0.8828413049,"remaining_time":0.9188756439},
{"learn":[0.2103509037],"iteration":490,"passed_time":0.884469775,"remaining_time":0.9168943289},
{"learn":[0.2102442569],"iteration":491,"passed_time":0.8862180019,"remaining_time":0.9150380996},
{"learn":[0.2101886838],"iteration":492,"passed_time":0.88807693,"remaining_time":0.9132961532},
{"learn":[0.2100272828],"iteration":493,"passed_time":0.8897715158,"remaining_time":0.9113853988},
{"learn":[0.2099489805],"iteration":494,"passed_time":0.8914813683,"remaining_time":0.9094910929},
{"learn":[0.2096249472],"iteration":495,"passed_time":0.8931250463,"remaining_time":0.907530289},
{"learn":[0.2093872382],"iteration":496,"passed_time":0.8949842442,"remaining_time":0.9057888829},
{"learn":[0.2091432407],"iteration":497,"passed_time":0.8967043546,"remaining_time":0.9039067992},
{"learn":[0.2090242329],"iteration":498,"passed_time":0.8983176013,"remaining_time":0.9019180726},
{"learn":[0.2089488747],"iteration":499,"passed_time":0.9001669782,"remaining_time":0.9001669782},
{"learn":[0.2088829227],"iteration":500,"passed_time":0.9019822616,"remaining_time":0.898381534},
{"learn":[0.2086681202],"iteration":501,"passed_time":0.903617735,"remaining_time":0.8964175937},
{"learn":[0.2084203561],"iteration":502,"passed_time":0.9053776156,"remaining_time":0.8945778826},
{"learn":[0.2082954242],"iteration":503,"passed_time":0.907060165,"remaining_time":0.8926623846},
{"learn":[0.2081533495],"iteration":504,"passed_time":0.908673478,"remaining_time":0.8906799438},
{"learn":[0.2079775678],"iteration":505,"passed_time":0.9104036642,"remaining_time":0.8888130634},
{"learn":[0.2078606231],"iteration":506,"passed_time":0.9123362232,"remaining_time":0.8871435069},
{"learn":[0.2076554401],"iteration":507,"passed_time":0.9139586852,"remaining_time":0.8851725849},
{"learn":[0.2075218271],"iteration":508,"passed_time":0.9155352907,"remaining_time":0.8831587972},
{"learn":[0.2073866811],"iteration":509,"passed_time":0.9175962779,"remaining_time":0.8816121101},
{"learn":[0.2072525794],"iteration":510,"passed_time":0.9194966796,"remaining_time":0.8799097384},
{"learn":[0.2071321133],"iteration":511,"passed_time":0.9212029418,"remaining_time":0.8780215539},
{"learn":[0.206996724],"iteration":512,"passed_time":0.9231243106,"remaining_time":0.8763382832},
{"learn":[0.2067851064],"iteration":513,"passed_time":0.9247156471,"remaining_time":0.8743420321},
{"learn":[0.2067396137],"iteration":514,"passed_time":0.9262497596,"remaining_time":0.872293463},
{"learn":[0.2065934991],"iteration":515,"passed_time":0.9277696636,"remaining_time":0.8702335604},
{"learn":[0.2064669363],"iteration":516,"passed_time":0.9296464494,"remaining_time":0.8685091587},
{"learn":[0.2063717542],"iteration":517,"passed_time":0.9312160777,"remaining_time":0.8664983581},
{"learn":[0.2062092143],"iteration":518,"passed_time":0.9328259852,"remaining_time":0.8645265874},
{"learn":[0.2060585487],"iteration":519,"passed_time":0.9348473468,"remaining_time":0.8629360124},
{"learn":[0.2057924142],"iteration":520,"passed_time":0.9364565686,"remaining_time":0.8609648683},
{"learn":[0.2056070779],"iteration":521,"passed_time":0.9380213413,"remaining_time":0.8589544083},
{"learn":[0.2054968659],"iteration":522,"passed_time":0.9398169378,"remaining_time":0.8571561746},
{"learn":[0.2053448913],"iteration":523,"passed_time":0.9418297978,"remaining_time":0.8555553125},
{"learn":[0.205209108],"iteration":524,"passed_time":0.9434094199,"remaining_time":0.8535609038},
{"learn":[0.2051134336],"iteration":525,"passed_time":0.9449803978,"remaining_time":0.8515602824},
{"learn":[0.2049119507],"iteration":526,"passed_time":0.9469283439,"remaining_time":0.8498996331},
{"learn":[0.2047500863],"iteration":527,"passed_time":0.9486733426,"remaining_time":0.8480564729},
{"learn":[0.2046019685],"iteration":528,"passed_time":0.9501864631,"remaining_time":0.8460072289},
{"learn":[0.2044587674],"iteration":529,"passed_time":0.9520893548,"remaining_time":0.8443056543},
{"learn":[0.2043308195],"iteration":530,"passed_time":0.953679619,"remaining_time":0.8423271965},
{"learn":[0.204017738],"iteration":531,"passed_time":0.9551970899,"remaining_time":0.8402861618},
{"learn":[0.2038548371],"iteration":532,"passed_time":0.9567826996,"remaining_time":0.8383067931},
{"learn":[0.2037496532],"iteration":533,"passed_time":0.9585496729,"remaining_time":0.8364871677},
{"learn":[0.2037105227],"iteration":534,"passed_time":0.9601343377,"remaining_time":0.8345092842},
{"learn":[0.2035099992],"iteration":535,"passed_time":0.9618201731,"remaining_time":0.8326204483},
{"learn":[0.2033897416],"iteration":536,"passed_time":0.9638936314,"remaining_time":0.831066576},
{"learn":[0.2032630966],"iteration":537,"passed_time":0.9655702387,"remaining_time":0.8291699819},
{"learn":[0.2030893286],"iteration":538,"passed_time":0.9673199567,"remaining_time":0.8273367348},
{"learn":[0.2027820346],"iteration":539,"passed_time":0.9692006757,"remaining_time":0.8256153904},
{"learn":[0.2027276277],"iteration":540,"passed_time":0.9708881039,"remaining_time":0.8237294634},
{"learn":[0.202666118],"iteration":541,"passed_time":0.9724756906,"remaining_time":0.8217599009},
{"learn":[0.2025738916],"iteration":542,"passed_time":0.974027608,"remaining_time":0.8197617253},
{"learn":[0.2024594647],"iteration":543,"passed_time":0.9760380965,"remaining_time":0.8181495809},
{"learn":[0.2022931247],"iteration":544,"passed_time":0.9776913263,"remaining_time":0.8162377128},
{"learn":[0.2020335386],"iteration":545,"passed_time":0.9793969771,"remaining_time":0.8143703802},
{"learn":[0.2017682646],"iteration":546,"passed_time":0.981287195,"remaining_time":0.8126564888},
{"learn":[0.2015478127],"iteration":547,"passed_time":0.9831712197,"remaining_time":0.8109368454},
{"learn":[0.2010662496],"iteration":548,"passed_time":0.9848563807,"remaining_time":0.809053238},
{"learn":[0.200992794],"iteration":549,"passed_time":0.9866104867,"remaining_time":0.8072267619},
{"learn":[0.2008296258],"iteration":550,"passed_time":0.9884524994,"remaining_time":0.8054721819},
{"learn":[0.2006667247],"iteration":551,"passed_time":0.9902511631,"remaining_time":0.8036821034},
{"learn":[0.2005759552],"iteration":552,"passed_time":0.9920755593,"remaining_time":0.8019127939},
{"learn":[0.2003805425],"iteration":553,"passed_time":0.9937909233,"remaining_time":0.8000555086},
{"learn":[0.2000666043],"iteration":554,"passed_time":0.9952991501,"remaining_time":0.7980326519},
{"learn":[0.1999834467],"iteration":555,"passed_time":0.9968415767,"remaining_time":0.7960389569},
{"learn":[0.1998490005],"iteration":556,"passed_time":0.9984931466,"remaining_time":0.7941336875},
{"learn":[0.1995308856],"iteration":557,"passed_time":1.000174033,"remaining_time":0.7922525493},
{"learn":[0.1994316977],"iteration":558,"passed_time":1.001781887,"remaining_time":0.7903145118},
{"learn":[0.1993591547],"iteration":559,"passed_time":1.003569516,"remaining_time":0.7885189052},
{"learn":[0.1992376719],"iteration":560,"passed_time":1.005485813,"remaining_time":0.7868240139},
{"learn":[0.1992129414],"iteration":561,"passed_time":1.007158989,"remaining_time":0.7849388561},
{"learn":[0.1991387103],"iteration":562,"passed_time":1.008770587,"remaining_time":0.7830066547},
{"learn":[0.1989653382],"iteration":563,"passed_time":1.010719829,"remaining_time":0.7813366055},
{"learn":[0.1988144749],"iteration":564,"passed_time":1.01273866,"remaining_time":0.7797191453},
{"learn":[0.1985261298],"iteration":565,"passed_time":1.014328152,"remaining_time":0.7777710566},
{"learn":[0.1983851882],"iteration":566,"passed_time":1.015957809,"remaining_time":0.7758549053},
{"learn":[0.1982458447],"iteration":567,"passed_time":1.017845825,"remaining_time":0.7741362615},
{"learn":[0.1982031681],"iteration":568,"passed_time":1.019760225,"remaining_time":0.7724370073},
{"learn":[0.1981075203],"iteration":569,"passed_time":1.022004554,"remaining_time":0.7709858916},
{"learn":[0.1979613292],"iteration":570,"passed_time":1.023851661,"remaining_time":0.76923356},
{"learn":[0.1978661912],"iteration":571,"passed_time":1.02546663,"remaining_time":0.7673071988},
{"learn":[0.1978146384],"iteration":572,"passed_time":1.027086262,"remaining_time":0.7653853994},
{"learn":[0.1976104103],"iteration":573,"passed_time":1.02906743,"remaining_time":0.7637329706},
{"learn":[0.197463066],"iteration":574,"passed_time":1.030665006,"remaining_time":0.7617958739},
{"learn":[0.1972501298],"iteration":575,"passed_time":1.032275177,"remaining_time":0.7598692275},
{"learn":[0.1971062681],"iteration":576,"passed_time":1.034119879,"remaining_time":0.7581156132},
{"learn":[0.1967320353],"iteration":577,"passed_time":1.035940696,"remaining_time":0.756344245},
{"learn":[0.1965579127],"iteration":578,"passed_time":1.037940549,"remaining_time":0.7547028862},
{"learn":[0.1965067597],"iteration":579,"passed_time":1.039832595,"remaining_time":0.7529822241},
{"learn":[0.1964644498],"iteration":580,"passed_time":1.041593589,"remaining_time":0.7511664607},
{"learn":[0.1962479033],"iteration":581,"passed_time":1.043211526,"remaining_time":0.7492481404},
{"learn":[0.1962246464],"iteration":582,"passed_time":1.044564664,"remaining_time":0.7471414494},
{"learn":[0.196106177],"iteration":583,"passed_time":1.046289654,"remaining_time":0.7453022194},
{"learn":[0.1959454229],"iteration":584,"passed_time":1.047973553,"remaining_time":0.7434342298},
{"learn":[0.1956818079],"iteration":585,"passed_time":1.049555869,"remaining_time":0.7414951018},
{"learn":[0.1956169923],"iteration":586,"passed_time":1.051445397,"remaining_time":0.7397733373},
{"learn":[0.1955757054],"iteration":587,"passed_time":1.054050333,"remaining_time":0.7385522739},
{"learn":[0.1954201365],"iteration":588,"passed_time":1.055663023,"remaining_time":0.7366341301},
{"learn":[0.1953173326],"iteration":589,"passed_time":1.057488097,"remaining_time":0.7348646101},
{"learn":[0.1951462954],"iteration":590,"passed_time":1.05929277,"remaining_time":0.7330807833},
{"learn":[0.1950406758],"iteration":591,"passed_time":1.060803315,"remaining_time":0.7310941766},
{"learn":[0.1949427916],"iteration":592,"passed_time":1.06264997,"remaining_time":0.7293398615},
{"learn":[0.1948068596],"iteration":593,"passed_time":1.064425757,"remaining_time":0.7275367965},
{"learn":[0.1947402805],"iteration":594,"passed_time":1.066355057,"remaining_time":0.7258383162},
{"learn":[0.1945940454],"iteration":595,"passed_time":1.068191175,"remaining_time":0.7240758969},
{"learn":[0.1945751553],"iteration":596,"passed_time":1.070182344,"remaining_time":0.7224178969},
{"learn":[0.1943607938],"iteration":597,"passed_time":1.071752915,"remaining_time":0.7204760401},
{"learn":[0.1941265924],"iteration":598,"passed_time":1.073583671,"remaining_time":0.7187096026},
{"learn":[0.1940379909],"iteration":599,"passed_time":1.075385158,"remaining_time":0.7169234384},
{"learn":[0.193875386],"iteration":600,"passed_time":1.077133524,"remaining_time":0.7151019568},
{"learn":[0.1937269298],"iteration":601,"passed_time":1.078727999,"remaining_time":0.7131789761},
{"learn":[0.1936273611],"iteration":602,"passed_time":1.080615832,"remaining_time":0.7114502242},
{"learn":[0.1936061944],"iteration":603,"passed_time":1.082366152,"remaining_time":0.7096307885},
{"learn":[0.1934736481],"iteration":604,"passed_time":1.084187754,"remaining_time":0.7078581206},
{"learn":[0.1933575817],"iteration":605,"passed_time":1.086063137,"remaining_time":0.7061202577},
{"learn":[0.1932414994],"iteration":606,"passed_time":1.087761691,"remaining_time":0.7042674542},
{"learn":[0.1931462766],"iteration":607,"passed_time":1.089507893,"remaining_time":0.7024458783},
{"learn":[0.193056929],"iteration":608,"passed_time":1.091459098,"remaining_time":0.7007561694},
{"learn":[0.19284379],"iteration":609,"passed_time":1.093197688,"remaining_time":0.6989296692},
{"learn":[0.1926880497],"iteration":610,"passed_time":1.094976156,"remaining_time":0.6971288456},
{"learn":[0.1924646779],"iteration":611,"passed_time":1.096526841,"remaining_time":0.6951836834},
{"learn":[0.1923486862],"iteration":612,"passed_time":1.098600372,"remaining_time":0.6935698921},
{"learn":[0.1923195446],"iteration":613,"passed_time":1.100193058,"remaining_time":0.6916523132},
{"learn":[0.1922338566],"iteration":614,"passed_time":1.101813565,"remaining_time":0.6897532072},
{"learn":[0.1921545922],"iteration":615,"passed_time":1.103732687,"remaining_time":0.6880411557},
{"learn":[0.1920998982],"iteration":616,"passed_time":1.10539021,"remaining_time":0.6861660462},
{"learn":[0.1920557805],"iteration":617,"passed_time":1.106918007,"remaining_time":0.6842114543},
{"learn":[0.1918314881],"iteration":618,"passed_time":1.108610983,"remaining_time":0.6823599103},
{"learn":[0.1917411589],"iteration":619,"passed_time":1.110386056,"remaining_time":0.6805591959},
{"learn":[0.1916662634],"iteration":620,"passed_time":1.11198069,"remaining_time":0.6786484407},
{"learn":[0.1916101795],"iteration":621,"passed_time":1.11386431,"remaining_time":0.6769143235},
{"learn":[0.191523036],"iteration":622,"passed_time":1.115805739,"remaining_time":0.6752147087},
{"learn":[0.1913739512],"iteration":623,"passed_time":1.117488991,"remaining_time":0.6733587509},
{"learn":[0.1912413402],"iteration":624,"passed_time":1.119058769,"remaining_time":0.6714352614},
{"learn":[0.1912008812],"iteration":625,"passed_time":1.120972606,"remaining_time":0.669718458},
{"learn":[0.1910437956],"iteration":626,"passed_time":1.12261787,"remaining_time":0.6678412528},
{"learn":[0.1908185584],"iteration":627,"passed_time":1.124110322,"remaining_time":0.665874267},
{"learn":[0.1906490816],"iteration":628,"passed_time":1.125712743,"remaining_time":0.6639736529},
{"learn":[0.190425628],"iteration":629,"passed_time":1.127752539,"remaining_time":0.6623308561},
{"learn":[0.1902808808],"iteration":630,"passed_time":1.129871775,"remaining_time":0.6607332567},
{"learn":[0.1901090318],"iteration":631,"passed_time":1.131705567,"remaining_time":0.6589677983},
{"learn":[0.1897563719],"iteration":632,"passed_time":1.133521532,"remaining_time":0.6571917886},
{"learn":[0.1895467901],"iteration":633,"passed_time":1.135047537,"remaining_time":0.6552482629},
{"learn":[0.1894854328],"iteration":634,"passed_time":1.136546983,"remaining_time":0.6532907854},
{"learn":[0.1891497569],"iteration":635,"passed_time":1.138325733,"remaining_time":0.6514946022},
{"learn":[0.188987892],"iteration":636,"passed_time":1.140267856,"remaining_time":0.6497915725},
{"learn":[0.1888650923],"iteration":637,"passed_time":1.14202131,"remaining_time":0.6479807435},
{"learn":[0.1888223137],"iteration":638,"passed_time":1.143550321,"remaining_time":0.6460432957},
{"learn":[0.1886301724],"iteration":639,"passed_time":1.145475986,"remaining_time":0.6443302422},
{"learn":[0.1885093608],"iteration":640,"passed_time":1.147127721,"remaining_time":0.6424631074},
{"learn":[0.1884287166],"iteration":641,"passed_time":1.148828179,"remaining_time":0.6406238132},
{"learn":[0.1883649132],"iteration":642,"passed_time":1.150745483,"remaining_time":0.6389053458},
{"learn":[0.1881522705],"iteration":643,"passed_time":1.152479052,"remaining_time":0.6370846932},
{"learn":[0.1880750537],"iteration":644,"passed_time":1.154468058,"remaining_time":0.6354049001},
{"learn":[0.1880284928],"iteration":645,"passed_time":1.156610347,"remaining_time":0.633808147},
{"learn":[0.1879465684],"iteration":646,"passed_time":1.158632918,"remaining_time":0.6321443898},
{"learn":[0.1878121038],"iteration":647,"passed_time":1.160534616,"remaining_time":0.6304138657},
{"learn":[0.1877825115],"iteration":648,"passed_time":1.162472049,"remaining_time":0.6287021404},
{"learn":[0.1875331065],"iteration":649,"passed_time":1.164411835,"remaining_time":0.6269909881},
{"learn":[0.1871917374],"iteration":650,"passed_time":1.166267532,"remaining_time":0.6252340535},
{"learn":[0.1870140874],"iteration":651,"passed_time":1.16813434,"remaining_time":0.623482746},
{"learn":[0.18693979],"iteration":652,"passed_time":1.170012901,"remaining_time":0.6217373305},
{"learn":[0.1868726711],"iteration":653,"passed_time":1.171719492,"remaining_time":0.6199005263},
{"learn":[0.186813459],"iteration":654,"passed_time":1.173472464,"remaining_time":0.6180885496},
{"learn":[0.18675351],"iteration":655,"passed_time":1.175516501,"remaining_time":0.6164293846},
{"learn":[0.1866762059],"iteration":656,"passed_time":1.177392169,"remaining_time":0.6146811475},
{"learn":[0.1864383217],"iteration":657,"passed_time":1.179045952,"remaining_time":0.6128171972},
{"learn":[0.1863959009],"iteration":658,"passed_time":1.181075654,"remaining_time":0.6111484036},
{"learn":[0.1862877521],"iteration":659,"passed_time":1.182908193,"remaining_time":0.609376948},
{"learn":[0.1862803279],"iteration":660,"passed_time":1.184025384,"remaining_time":0.6072384343},
{"learn":[0.1861706217],"iteration":661,"passed_time":1.185956772,"remaining_time":0.6055187142},
{"learn":[0.1860869965],"iteration":662,"passed_time":1.187961038,"remaining_time":0.6038353995},
{"learn":[0.1859957263],"iteration":663,"passed_time":1.189899965,"remaining_time":0.6021180545},
{"learn":[0.1855915203],"iteration":664,"passed_time":1.191817279,"remaining_time":0.6003891554},
{"learn":[0.1855136121],"iteration":665,"passed_time":1.19366893,"remaining_time":0.5986267608},
{"learn":[0.1853705802],"iteration":666,"passed_time":1.195361803,"remaining_time":0.5967848279},
{"learn":[0.1852349098],"iteration":667,"passed_time":1.197616277,"remaining_time":0.5952224611},
{"learn":[0.185152016],"iteration":668,"passed_time":1.200280533,"remaining_time":0.593860772},
{"learn":[0.1850249392],"iteration":669,"passed_time":1.202239474,"remaining_time":0.5921478005},
{"learn":[0.1849126436],"iteration":670,"passed_time":1.204389326,"remaining_time":0.5905277023},
{"learn":[0.1847718315],"iteration":671,"passed_time":1.206276341,"remaining_time":0.5887777378},
{"learn":[0.184641499],"iteration":672,"passed_time":1.208455155,"remaining_time":0.5871691465},
{"learn":[0.1845740982],"iteration":673,"passed_time":1.210570232,"remaining_time":0.585528035},
{"learn":[0.1843393666],"iteration":674,"passed_time":1.212482339,"remaining_time":0.5837877927},
{"learn":[0.1842790333],"iteration":675,"passed_time":1.214253092,"remaining_time":0.5819792926},
{"learn":[0.184013866],"iteration":676,"passed_time":1.216071463,"remaining_time":0.5801936229},
{"learn":[0.1839046261],"iteration":677,"passed_time":1.218057727,"remaining_time":0.578487593},
{"learn":[0.1837157673],"iteration":678,"passed_time":1.219983219,"remaining_time":0.5767520079},
{"learn":[0.1835201881],"iteration":679,"passed_time":1.221974741,"remaining_time":0.575046937},
{"learn":[0.1834821337],"iteration":680,"passed_time":1.223769027,"remaining_time":0.5732486337},
{"learn":[0.1833511403],"iteration":681,"passed_time":1.22564912,"remaining_time":0.5714903521},
{"learn":[0.1833429658],"iteration":682,"passed_time":1.227288516,"remaining_time":0.5696199992},
{"learn":[0.1832326936],"iteration":683,"passed_time":1.22912389,"remaining_time":0.5678408613},
{"learn":[0.1832227501],"iteration":684,"passed_time":1.230377992,"remaining_time":0.5657942591},
{"learn":[0.1831502315],"iteration":685,"passed_time":1.232277169,"remaining_time":0.5640452348},
{"learn":[0.1830452177],"iteration":686,"passed_time":1.233904692,"remaining_time":0.5621720067},
{"learn":[0.1829074933],"iteration":687,"passed_time":1.23551057,"remaining_time":0.560289677},
{"learn":[0.1828276991],"iteration":688,"passed_time":1.237137984,"remaining_time":0.5584178709},
{"learn":[0.182685385],"iteration":689,"passed_time":1.239002431,"remaining_time":0.5566532659},
{"learn":[0.1824866341],"iteration":690,"passed_time":1.240807354,"remaining_time":0.5548617545},
{"learn":[0.1823408658],"iteration":691,"passed_time":1.242749006,"remaining_time":0.5531310604},
{"learn":[0.1822400353],"iteration":692,"passed_time":1.24480281,"remaining_time":0.5514494409},
{"learn":[0.1821673357],"iteration":693,"passed_time":1.246502891,"remaining_time":0.5496107849},
{"learn":[0.1820011233],"iteration":694,"passed_time":1.248095223,"remaining_time":0.5477252415},
{"learn":[0.1818655766],"iteration":695,"passed_time":1.249919443,"remaining_time":0.5459418258},
{"learn":[0.1818510323],"iteration":696,"passed_time":1.251113848,"remaining_time":0.543884499},
{"learn":[0.1817667112],"iteration":697,"passed_time":1.252629971,"remaining_time":0.5419688414},
{"learn":[0.1816502706],"iteration":698,"passed_time":1.254113841,"remaining_time":0.5400404381},
{"learn":[0.1815643335],"iteration":699,"passed_time":1.256112477,"remaining_time":0.5383339186},
{"learn":[0.1814577016],"iteration":700,"passed_time":1.257692749,"remaining_time":0.53644812},
{"learn":[0.1814085036],"iteration":701,"passed_time":1.259581409,"remaining_time":0.5346941025},
{"learn":[0.1812104433],"iteration":702,"passed_time":1.261482603,"remaining_time":0.5329449973},
{"learn":[0.1810219843],"iteration":703,"passed_time":1.263165571,"remaining_time":0.5311037061},
{"learn":[0.1809067037],"iteration":704,"passed_time":1.264794152,"remaining_time":0.5292401064},
{"learn":[0.1808065722],"iteration":705,"passed_time":1.266314191,"remaining_time":0.527331972},
{"learn":[0.1806157539],"iteration":706,"passed_time":1.268087537,"remaining_time":0.5255299127},
{"learn":[0.180580824],"iteration":707,"passed_time":1.269679649,"remaining_time":0.5236531886},
{"learn":[0.1804789764],"iteration":708,"passed_time":1.271253277,"remaining_time":0.5217696806},
{"learn":[0.1803989957],"iteration":709,"passed_time":1.273090009,"remaining_time":0.5199945105},
{"learn":[0.1803806606],"iteration":710,"passed_time":1.274784033,"remaining_time":0.5181611612},
{"learn":[0.1802875727],"iteration":711,"passed_time":1.276310353,"remaining_time":0.5162603673},
{"learn":[0.1802378899],"iteration":712,"passed_time":1.277970835,"remaining_time":0.514414628},
{"learn":[0.1801596617],"iteration":713,"passed_time":1.279834059,"remaining_time":0.5126506177},
{"learn":[0.1798845513],"iteration":714,"passed_time":1.281394794,"remaining_time":0.510765757},
{"learn":[0.1798068307],"iteration":715,"passed_time":1.282911548,"remaining_time":0.508864357},
{"learn":[0.1797441555],"iteration":716,"passed_time":1.284774626,"remaining_time":0.5071007242},
{"learn":[0.1796379197],"iteration":717,"passed_time":1.286377235,"remaining_time":0.5052345128},
{"learn":[0.1795601762],"iteration":718,"passed_time":1.287949903,"remaining_time":0.5033573333},
{"learn":[0.1794738413],"iteration":719,"passed_time":1.289868788,"remaining_time":0.5016156397},
{"learn":[0.1793334268],"iteration":720,"passed_time":1.291736193,"remaining_time":0.4998535339},
{"learn":[0.1792519283],"iteration":721,"passed_time":1.293301319,"remaining_time":0.4979747462},
{"learn":[0.1790571158],"iteration":722,"passed_time":1.295077334,"remaining_time":0.4961776231},
{"learn":[0.1790034003],"iteration":723,"passed_time":1.296833429,"remaining_time":0.4943729645},
{"learn":[0.1788269421],"iteration":724,"passed_time":1.298480973,"remaining_time":0.4925272658},
{"learn":[0.1787778736],"iteration":725,"passed_time":1.300020696,"remaining_time":0.4906414196},
{"learn":[0.1787142694],"iteration":726,"passed_time":1.301715688,"remaining_time":0.488814832},
{"learn":[0.1785818881],"iteration":727,"passed_time":1.303686679,"remaining_time":0.4870917262},
{"learn":[0.1785019433],"iteration":728,"passed_time":1.305423962,"remaining_time":0.4852810614},
{"learn":[0.1784101276],"iteration":729,"passed_time":1.306955753,"remaining_time":0.4833945935},
{"learn":[0.1782278339],"iteration":730,"passed_time":1.308822099,"remaining_time":0.4816322087},
{"learn":[0.1782024113],"iteration":731,"passed_time":1.310401248,"remaining_time":0.4797643912},
{"learn":[0.1781214128],"iteration":732,"passed_time":1.311917964,"remaining_time":0.4778746201},
{"learn":[0.1780900601],"iteration":733,"passed_time":1.313784813,"remaining_time":0.4761127525},
{"learn":[0.1777992439],"iteration":734,"passed_time":1.315557433,"remaining_time":0.4743166254},
{"learn":[0.1776499642],"iteration":735,"passed_time":1.317385941,"remaining_time":0.4725406093},
{"learn":[0.1775903312],"iteration":736,"passed_time":1.319184307,"remaining_time":0.4707536944},
{"learn":[0.1773324342],"iteration":737,"passed_time":1.32107427,"remaining_time":0.4689992665},
{"learn":[0.1772626747],"iteration":738,"passed_time":1.322690921,"remaining_time":0.4671479437},
{"learn":[0.1770683769],"iteration":739,"passed_time":1.324395377,"remaining_time":0.4653281056},
{"learn":[0.1770199601],"iteration":740,"passed_time":1.326290568,"remaining_time":0.4635752458},
{"learn":[0.1768667991],"iteration":741,"passed_time":1.327893006,"remaining_time":0.4617202095},
{"learn":[0.176745315],"iteration":742,"passed_time":1.329446831,"remaining_time":0.4598490383},
{"learn":[0.1766609284],"iteration":743,"passed_time":1.331152727,"remaining_time":0.458031046},
{"learn":[0.1765385816],"iteration":744,"passed_time":1.332820079,"remaining_time":0.4562001614},
{"learn":[0.1764693062],"iteration":745,"passed_time":1.334387199,"remaining_time":0.454335588},
{"learn":[0.1763155845],"iteration":746,"passed_time":1.335961481,"remaining_time":0.4524742367},
{"learn":[0.1762367321],"iteration":747,"passed_time":1.337861372,"remaining_time":0.4507233498},
{"learn":[0.1762091787],"iteration":748,"passed_time":1.339492505,"remaining_time":0.4488820009},
{"learn":[0.1761287825],"iteration":749,"passed_time":1.341084906,"remaining_time":0.447028302},
{"learn":[0.17601225],"iteration":750,"passed_time":1.342811131,"remaining_time":0.4452196693},
{"learn":[0.1758763124],"iteration":751,"passed_time":1.344643672,"remaining_time":0.4434463172},
{"learn":[0.1758361172],"iteration":752,"passed_time":1.346222217,"remaining_time":0.4415894921},
{"learn":[0.1757710051],"iteration":753,"passed_time":1.347830895,"remaining_time":0.4397432362},
{"learn":[0.1755039645],"iteration":754,"passed_time":1.349838439,"remaining_time":0.4380270431},
{"learn":[0.1754670798],"iteration":755,"passed_time":1.351716806,"remaining_time":0.4362683871},
{"learn":[0.1754097201],"iteration":756,"passed_time":1.3533548,"remaining_time":0.4344322542},
{"learn":[0.1752175059],"iteration":757,"passed_time":1.355223702,"remaining_time":0.4326703641},
{"learn":[0.1751005386],"iteration":758,"passed_time":1.356926406,"remaining_time":0.4308554202},
{"learn":[0.1748325461],"iteration":759,"passed_time":1.358527036,"remaining_time":0.4290085377},
{"learn":[0.1747795666],"iteration":760,"passed_time":1.360106081,"remaining_time":0.4271555233},
{"learn":[0.1745612946],"iteration":761,"passed_time":1.362026238,"remaining_time":0.42540977},
{"learn":[0.1742715095],"iteration":762,"passed_time":1.36364581,"remaining_time":0.4235701927},
{"learn":[0.1741931042],"iteration":763,"passed_time":1.365489577,"remaining_time":0.4218004453},
{"learn":[0.1741419633],"iteration":764,"passed_time":1.367215393,"remaining_time":0.4199942711},
{"learn":[0.1740565794],"iteration":765,"passed_time":1.368839606,"remaining_time":0.4181572687},
{"learn":[0.1737111977],"iteration":766,"passed_time":1.370518516,"remaining_time":0.416337437},
{"learn":[0.1735976219],"iteration":767,"passed_time":1.372287946,"remaining_time":0.414545317},
{"learn":[0.1734845208],"iteration":768,"passed_time":1.373917035,"remaining_time":0.4127110991},
{"learn":[0.173325881],"iteration":769,"passed_time":1.375508195,"remaining_time":0.4108660841},
{"learn":[0.1732526273],"iteration":770,"passed_time":1.377487312,"remaining_time":0.4091369578},
{"learn":[0.1731690599],"iteration":771,"passed_time":1.379263806,"remaining_time":0.4073473418},
{"learn":[0.1730439804],"iteration":772,"passed_time":1.381116905,"remaining_time":0.4055802553},
{"learn":[0.1729860424],"iteration":773,"passed_time":1.382688632,"remaining_time":0.4037307892},
{"learn":[0.1727793799],"iteration":774,"passed_time":1.384482604,"remaining_time":0.4019465623},
{"learn":[0.1726716431],"iteration":775,"passed_time":1.386106752,"remaining_time":0.4001132893},
{"learn":[0.1725441345],"iteration":776,"passed_time":1.387628477,"remaining_time":0.3982511589},
{"learn":[0.1724216202],"iteration":777,"passed_time":1.389335973,"remaining_time":0.3964429125},
{"learn":[0.1722532789],"iteration":778,"passed_time":1.391004394,"remaining_time":0.3946238397},
{"learn":[0.1721120195],"iteration":779,"passed_time":1.392705281,"remaining_time":0.3928143099},
{"learn":[0.1720186913],"iteration":780,"passed_time":1.394218921,"remaining_time":0.3909525526},
{"learn":[0.1719622867],"iteration":781,"passed_time":1.396350858,"remaining_time":0.38926405},
{"learn":[0.1717033809],"iteration":782,"passed_time":1.397938787,"remaining_time":0.3874236485},
{"learn":[0.171667189],"iteration":783,"passed_time":1.399583357,"remaining_time":0.3855994964},
{"learn":[0.1715249951],"iteration":784,"passed_time":1.401605193,"remaining_time":0.3838791293},
{"learn":[0.1714223154],"iteration":785,"passed_time":1.403244273,"remaining_time":0.3820537843},
{"learn":[0.1713479651],"iteration":786,"passed_time":1.405023721,"remaining_time":0.3802669028},
{"learn":[0.1713242989],"iteration":787,"passed_time":1.406581361,"remaining_time":0.3784203661},
{"learn":[0.1712512526],"iteration":788,"passed_time":1.408280918,"remaining_time":0.3766125141},
{"learn":[0.1711627114],"iteration":789,"passed_time":1.409779662,"remaining_time":0.3747515557},
{"learn":[0.1709754965],"iteration":790,"passed_time":1.411459329,"remaining_time":0.3729393169},
{"learn":[0.1707794467],"iteration":791,"passed_time":1.413158803,"remaining_time":0.3711326148},
{"learn":[0.1706608734],"iteration":792,"passed_time":1.414759818,"remaining_time":0.369300482},
{"learn":[0.1705524709],"iteration":793,"passed_time":1.416356479,"remaining_time":0.3674678018},
{"learn":[0.1703800488],"iteration":794,"passed_time":1.4179621,"remaining_time":0.3656380258},
{"learn":[0.1702544638],"iteration":795,"passed_time":1.41988926,"remaining_time":0.3638912173},
{"learn":[0.1700757615],"iteration":796,"passed_time":1.421559399,"remaining_time":0.3620784919},
{"learn":[0.1700015132],"iteration":797,"passed_time":1.423139331,"remaining_time":0.3602432892},
{"learn":[0.1698697886],"iteration":798,"passed_time":1.424935118,"remaining_time":0.3584630272},
{"learn":[0.1697361993],"iteration":799,"passed_time":1.42667838,"remaining_time":0.356669595},
{"learn":[0.1696930252],"iteration":800,"passed_time":1.428198829,"remaining_time":0.3548209325},
{"learn":[0.1696135204],"iteration":801,"passed_time":1.429775738,"remaining_time":0.3529870277},
{"learn":[0.1695304645],"iteration":802,"passed_time":1.43163702,"remaining_time":0.3512235279},
{"learn":[0.1694353501],"iteration":803,"passed_time":1.433176907,"remaining_time":0.349381435},
{"learn":[0.1692023749],"iteration":804,"passed_time":1.434721337,"remaining_time":0.3475411935},
{"learn":[0.1689953078],"iteration":805,"passed_time":1.436470541,"remaining_time":0.3457509739},
{"learn":[0.1688851078],"iteration":806,"passed_time":1.438140311,"remaining_time":0.3439418589},
{"learn":[0.168794885],"iteration":807,"passed_time":1.439755002,"remaining_time":0.3421200004},
{"learn":[0.1687357041],"iteration":808,"passed_time":1.441434996,"remaining_time":0.340314072},
{"learn":[0.1685527197],"iteration":809,"passed_time":1.443140541,"remaining_time":0.3385144479},
{"learn":[0.1684657586],"iteration":810,"passed_time":1.444742038,"remaining_time":0.3366908079},
{"learn":[0.1684200023],"iteration":811,"passed_time":1.446227254,"remaining_time":0.3348407929},
{"learn":[0.1681915128],"iteration":812,"passed_time":1.448090061,"remaining_time":0.3330785257},
{"learn":[0.1681250671],"iteration":813,"passed_time":1.449925902,"remaining_time":0.3313098498},
{"learn":[0.1679979788],"iteration":814,"passed_time":1.451684799,"remaining_time":0.3295235433},
{"learn":[0.16789685],"iteration":815,"passed_time":1.453329724,"remaining_time":0.3277116044},
{"learn":[0.1676965377],"iteration":816,"passed_time":1.455182966,"remaining_time":0.3259467352},
{"learn":[0.1675450404],"iteration":817,"passed_time":1.456973063,"remaining_time":0.3241676008},
{"learn":[0.1674579413],"iteration":818,"passed_time":1.458561897,"remaining_time":0.3223439602},
{"learn":[0.1673474341],"iteration":819,"passed_time":1.460561769,"remaining_time":0.3206111201},
{"learn":[0.1672315528],"iteration":820,"passed_time":1.462264952,"remaining_time":0.3188129432},
{"learn":[0.1669837916],"iteration":821,"passed_time":1.463886375,"remaining_time":0.3169972928},
{"learn":[0.1668701716],"iteration":822,"passed_time":1.465776229,"remaining_time":0.3152398451},
{"learn":[0.1665374348],"iteration":823,"passed_time":1.467438621,"remaining_time":0.3134334919},
{"learn":[0.1664028612],"iteration":824,"passed_time":1.468942566,"remaining_time":0.3115938776},
{"learn":[0.1661153263],"iteration":825,"passed_time":1.470991245,"remaining_time":0.3098698264},
{"learn":[0.1659913946],"iteration":826,"passed_time":1.472867324,"remaining_time":0.308108884},
{"learn":[0.1658462918],"iteration":827,"passed_time":1.4744168,"remaining_time":0.3062798183},
{"learn":[0.1656434002],"iteration":828,"passed_time":1.476054892,"remaining_time":0.3044697062},
{"learn":[0.1654574671],"iteration":829,"passed_time":1.477887116,"remaining_time":0.3026997708},
{"learn":[0.1652801891],"iteration":830,"passed_time":1.479652063,"remaining_time":0.3009160031},
{"learn":[0.1650503833],"iteration":831,"passed_time":1.481222893,"remaining_time":0.2990930842},
{"learn":[0.1648816631],"iteration":832,"passed_time":1.483104228,"remaining_time":0.2973330206},
{"learn":[0.1646939147],"iteration":833,"passed_time":1.484720295,"remaining_time":0.2955198668},
{"learn":[0.164598331],"iteration":834,"passed_time":1.486340296,"remaining_time":0.2937079626},
{"learn":[0.1645740527],"iteration":835,"passed_time":1.487883023,"remaining_time":0.2918813586},
{"learn":[0.1643661169],"iteration":836,"passed_time":1.489794389,"remaining_time":0.2901272228},
{"learn":[0.1642248771],"iteration":837,"passed_time":1.491505983,"remaining_time":0.2883340922},
{"learn":[0.1640419405],"iteration":838,"passed_time":1.493159572,"remaining_time":0.2865300252},
{"learn":[0.1639319359],"iteration":839,"passed_time":1.497379345,"remaining_time":0.2852151134},
{"learn":[0.1637196321],"iteration":840,"passed_time":1.499794608,"remaining_time":0.2835521315},
{"learn":[0.1635955072],"iteration":841,"passed_time":1.503119228,"remaining_time":0.2820580024},
{"learn":[0.1634132776],"iteration":842,"passed_time":1.505198269,"remaining_time":0.2803275543},
{"learn":[0.1633288098],"iteration":843,"passed_time":1.507733699,"remaining_time":0.2786806364},
{"learn":[0.1632459248],"iteration":844,"passed_time":1.50981757,"remaining_time":0.276948785},
{"learn":[0.1631863976],"iteration":845,"passed_time":1.511821595,"remaining_time":0.2752015669},
{"learn":[0.1629946239],"iteration":846,"passed_time":1.514716681,"remaining_time":0.2736147016},
{"learn":[0.1628375204],"iteration":847,"passed_time":1.517544625,"remaining_time":0.2720127158},
{"learn":[0.1628074039],"iteration":848,"passed_time":1.520095402,"remaining_time":0.2703585461},
{"learn":[0.1627760814],"iteration":849,"passed_time":1.52225801,"remaining_time":0.2686337664},
{"learn":[0.1627101091],"iteration":850,"passed_time":1.524580938,"remaining_time":0.2669360279},
{"learn":[0.1625516772],"iteration":851,"passed_time":1.526754468,"remaining_time":0.26521087},
{"learn":[0.1623457063],"iteration":852,"passed_time":1.528755483,"remaining_time":0.2634549309},
{"learn":[0.1621440228],"iteration":853,"passed_time":1.53094322,"remaining_time":0.2617303397},
{"learn":[0.1619689822],"iteration":854,"passed_time":1.532996008,"remaining_time":0.2599817792},
{"learn":[0.1618824606],"iteration":855,"passed_time":1.534930457,"remaining_time":0.2582126003},
{"learn":[0.1617217838],"iteration":856,"passed_time":1.536957424,"remaining_time":0.2564584734},
{"learn":[0.1615025837],"iteration":857,"passed_time":1.538798884,"remaining_time":0.2546730087},
{"learn":[0.1614464752],"iteration":858,"passed_time":1.540445523,"remaining_time":0.2528554351},
{"learn":[0.1613546638],"iteration":859,"passed_time":1.542696668,"remaining_time":0.2511366669},
{"learn":[0.1613042467],"iteration":860,"passed_time":1.544417744,"remaining_time":0.2493310876},
{"learn":[0.1611350375],"iteration":861,"passed_time":1.546994,"remaining_time":0.2476626126},
{"learn":[0.161042654],"iteration":862,"passed_time":1.5494126,"remaining_time":0.2459670061},
{"learn":[0.1609088806],"iteration":863,"passed_time":1.551441271,"remaining_time":0.2442083481},
{"learn":[0.1608685932],"iteration":864,"passed_time":1.55362759,"remaining_time":0.2424736701},
{"learn":[0.1608307153],"iteration":865,"passed_time":1.555577269,"remaining_time":0.2407013326},
{"learn":[0.1607986695],"iteration":866,"passed_time":1.557461451,"remaining_time":0.2389185386},
{"learn":[0.1606893073],"iteration":867,"passed_time":1.559123248,"remaining_time":0.2371016921},
{"learn":[0.1605419907],"iteration":868,"passed_time":1.560710207,"remaining_time":0.2352739207},
{"learn":[0.1604639768],"iteration":869,"passed_time":1.562517803,"remaining_time":0.2334796717},
{"learn":[0.1603935112],"iteration":870,"passed_time":1.564649392,"remaining_time":0.2317333773},
{"learn":[0.1603265815],"iteration":871,"passed_time":1.566324275,"remaining_time":0.2299191597},
{"learn":[0.1601692515],"iteration":872,"passed_time":1.567970245,"remaining_time":0.2281010551},
{"learn":[0.1601418826],"iteration":873,"passed_time":1.569753882,"remaining_time":0.2263031912},
{"learn":[0.1601219728],"iteration":874,"passed_time":1.57141138,"remaining_time":0.22448734},
{"learn":[0.159948944],"iteration":875,"passed_time":1.572934831,"remaining_time":0.2226528756},
{"learn":[0.1598360257],"iteration":876,"passed_time":1.574468128,"remaining_time":0.2208205014},
{"learn":[0.1597927783],"iteration":877,"passed_time":1.576350535,"remaining_time":0.2190373181},
{"learn":[0.1597161653],"iteration":878,"passed_time":1.57811263,"remaining_time":0.2172373472},
{"learn":[0.1596150085],"iteration":879,"passed_time":1.579718109,"remaining_time":0.2154161057},
{"learn":[0.1595764679],"iteration":880,"passed_time":1.581601111,"remaining_time":0.2136328401},
{"learn":[0.1594119181],"iteration":881,"passed_time":1.583415359,"remaining_time":0.21184015},
{"learn":[0.1593073461],"iteration":882,"passed_time":1.585180676,"remaining_time":0.2100409276},
{"learn":[0.1590973733],"iteration":883,"passed_time":1.586999531,"remaining_time":0.2082488072},
{"learn":[0.1589767229],"iteration":884,"passed_time":1.588600929,"remaining_time":0.2064283693},
{"learn":[0.1586977219],"iteration":885,"passed_time":1.590152661,"remaining_time":0.2046020354},
{"learn":[0.1585347293],"iteration":886,"passed_time":1.591682562,"remaining_time":0.2027735395},
{"learn":[0.1584013536],"iteration":887,"passed_time":1.593632966,"remaining_time":0.2009987525},
{"learn":[0.1582817143],"iteration":888,"passed_time":1.595254842,"remaining_time":0.1991825506},
{"learn":[0.1582713937],"iteration":889,"passed_time":1.596748403,"remaining_time":0.1973509262},
{"learn":[0.1581946193],"iteration":890,"passed_time":1.598558791,"remaining_time":0.1955588196},
{"learn":[0.1579992441],"iteration":891,"passed_time":1.60037071,"remaining_time":0.1937668572},
{"learn":[0.1579395599],"iteration":892,"passed_time":1.60236907,"remaining_time":0.1919971899},
{"learn":[0.1579107493],"iteration":893,"passed_time":1.60434983,"remaining_time":0.1902249239},
{"learn":[0.1578347964],"iteration":894,"passed_time":1.606156749,"remaining_time":0.1884317974},
{"learn":[0.1577562451],"iteration":895,"passed_time":1.607974769,"remaining_time":0.1866399285},
{"learn":[0.1577039474],"iteration":896,"passed_time":1.609726593,"remaining_time":0.1848404003},
{"learn":[0.1576794518],"iteration":897,"passed_time":1.611707604,"remaining_time":0.1830670107},
{"learn":[0.1576423654],"iteration":898,"passed_time":1.613357744,"remaining_time":0.1812559868},
{"learn":[0.1574956936],"iteration":899,"passed_time":1.615057712,"remaining_time":0.1794508569},
{"learn":[0.1572507939],"iteration":900,"passed_time":1.617120528,"remaining_time":0.1776858294},
{"learn":[0.1571612731],"iteration":901,"passed_time":1.618859211,"remaining_time":0.1758849254},
{"learn":[0.157136583],"iteration":902,"passed_time":1.620438276,"remaining_time":0.174067013},
{"learn":[0.1570763537],"iteration":903,"passed_time":1.622090481,"remaining_time":0.1722573962},
{"learn":[0.1570493089],"iteration":904,"passed_time":1.623703962,"remaining_time":0.1704440623},
{"learn":[0.1570251713],"iteration":905,"passed_time":1.625240385,"remaining_time":0.1686231746},
{"learn":[0.157005356],"iteration":906,"passed_time":1.626766307,"remaining_time":0.1668018374},
{"learn":[0.1569246556],"iteration":907,"passed_time":1.628563448,"remaining_time":0.1650086313},
{"learn":[0.1568102305],"iteration":908,"passed_time":1.630099829,"remaining_time":0.1631893118},
{"learn":[0.1566252734],"iteration":909,"passed_time":1.631672419,"remaining_time":0.1613741953},
{"learn":[0.1565715443],"iteration":910,"passed_time":1.633368059,"remaining_time":0.1595716325},
{"learn":[0.1564596373],"iteration":911,"passed_time":1.635143189,"remaining_time":0.1577769744},
{"learn":[0.1563378166],"iteration":912,"passed_time":1.636756948,"remaining_time":0.1559669819},
{"learn":[0.1561691434],"iteration":913,"passed_time":1.638742989,"remaining_time":0.1541924475},
{"learn":[0.1561001628],"iteration":914,"passed_time":1.640521607,"remaining_time":0.1523981821},
{"learn":[0.1560274134],"iteration":915,"passed_time":1.642038985,"remaining_time":0.1505799942},
{"learn":[0.1559106541],"iteration":916,"passed_time":1.643613115,"remaining_time":0.1487675993},
{"learn":[0.1558060507],"iteration":917,"passed_time":1.645408082,"remaining_time":0.1469754496},
{"learn":[0.1557126521],"iteration":918,"passed_time":1.647042858,"remaining_time":0.1451691746},
{"learn":[0.1556296372],"iteration":919,"passed_time":1.648569369,"remaining_time":0.1433538581},
{"learn":[0.1554326071],"iteration":920,"passed_time":1.65031088,"remaining_time":0.1415576108},
{"learn":[0.1553745033],"iteration":921,"passed_time":1.652078904,"remaining_time":0.139763725},
{"learn":[0.1553188833],"iteration":922,"passed_time":1.653837159,"remaining_time":0.1379690805},
{"learn":[0.1553115103],"iteration":923,"passed_time":1.655443878,"remaining_time":0.1361620506},
{"learn":[0.1551636447],"iteration":924,"passed_time":1.657343818,"remaining_time":0.1343792285},
{"learn":[0.1550233002],"iteration":925,"passed_time":1.658997631,"remaining_time":0.1325764845},
{"learn":[0.1549982582],"iteration":926,"passed_time":1.660814281,"remaining_time":0.1307868851},
{"learn":[0.1548285567],"iteration":927,"passed_time":1.662419088,"remaining_time":0.1289807913},
{"learn":[0.154753242],"iteration":928,"passed_time":1.664172098,"remaining_time":0.1271864574},
{"learn":[0.1546534898],"iteration":929,"passed_time":1.665720108,"remaining_time":0.1253767823},
{"learn":[0.1545609243],"iteration":930,"passed_time":1.667429604,"remaining_time":0.1235796377},
{"learn":[0.1545306191],"iteration":931,"passed_time":1.669394915,"remaining_time":0.1218013457},
{"learn":[0.1544651801],"iteration":932,"passed_time":1.670988637,"remaining_time":0.1199959685},
{"learn":[0.154384091],"iteration":933,"passed_time":1.672567198,"remaining_time":0.1181899733},
{"learn":[0.154285119],"iteration":934,"passed_time":1.674289366,"remaining_time":0.1163944479},
{"learn":[0.154114384],"iteration":935,"passed_time":1.67603582,"remaining_time":0.1146007399},
{"learn":[0.1540517314],"iteration":936,"passed_time":1.677653401,"remaining_time":0.1127984677},
{"learn":[0.1539625919],"iteration":937,"passed_time":1.679120188,"remaining_time":0.1109866222},
{"learn":[0.1537430855],"iteration":938,"passed_time":1.681029038,"remaining_time":0.1092042293},
{"learn":[0.1536927893],"iteration":939,"passed_time":1.682863089,"remaining_time":0.1074167929},
{"learn":[0.1535934808],"iteration":940,"passed_time":1.684406407,"remaining_time":0.1056110287},
{"learn":[0.1534241011],"iteration":941,"passed_time":1.686368659,"remaining_time":0.1038316159},
{"learn":[0.1533769194],"iteration":942,"passed_time":1.687971008,"remaining_time":0.102030061},
{"learn":[0.1532558539],"iteration":943,"passed_time":1.689528169,"remaining_time":0.1002262473},
{"learn":[0.1531850982],"iteration":944,"passed_time":1.691041265,"remaining_time":0.09842039107},
{"learn":[0.1531250679],"iteration":945,"passed_time":1.692762093,"remaining_time":0.09662701162},
{"learn":[0.1530364662],"iteration":946,"passed_time":1.69428547,"remaining_time":0.09482273485},
{"learn":[0.1528843205],"iteration":947,"passed_time":1.695859925,"remaining_time":0.09302185241},
{"learn":[0.1528750978],"iteration":948,"passed_time":1.697615348,"remaining_time":0.09123117252},
{"learn":[0.1527372804],"iteration":949,"passed_time":1.699374293,"remaining_time":0.08944075228},
{"learn":[0.1527147956],"iteration":950,"passed_time":1.701006079,"remaining_time":0.08764384633},
{"learn":[0.1526937466],"iteration":951,"passed_time":1.702537237,"remaining_time":0.08584221361},
{"learn":[0.1525560975],"iteration":952,"passed_time":1.704535462,"remaining_time":0.08406418334},
{"learn":[0.1525048642],"iteration":953,"passed_time":1.706084717,"remaining_time":0.08226404296},
{"learn":[0.1524074215],"iteration":954,"passed_time":1.707659146,"remaining_time":0.0804656142},
{"learn":[0.1521998114],"iteration":955,"passed_time":1.709401767,"remaining_time":0.07867539514},
{"learn":[0.1521577947],"iteration":956,"passed_time":1.711021358,"remaining_time":0.07687974755},
{"learn":[0.152000982],"iteration":957,"passed_time":1.712918064,"remaining_time":0.07509661658},
{"learn":[0.1518565385],"iteration":958,"passed_time":1.714685263,"remaining_time":0.07330771196},
{"learn":[0.1517273564],"iteration":959,"passed_time":1.716453373,"remaining_time":0.07151889053},
{"learn":[0.1516367621],"iteration":960,"passed_time":1.71800885,"remaining_time":0.06972148298},
{"learn":[0.1515832556],"iteration":961,"passed_time":1.719608395,"remaining_time":0.06792631912},
{"learn":[0.151563801],"iteration":962,"passed_time":1.721623958,"remaining_time":0.06614754563},
{"learn":[0.1514153593],"iteration":963,"passed_time":1.723472688,"remaining_time":0.0643620506},
{"learn":[0.1512711593],"iteration":964,"passed_time":1.725087257,"remaining_time":0.0625679316},
{"learn":[0.1511926578],"iteration":965,"passed_time":1.726889723,"remaining_time":0.06078079769},
{"learn":[0.1511454405],"iteration":966,"passed_time":1.72866125,"remaining_time":0.05899257626},
{"learn":[0.1510749641],"iteration":967,"passed_time":1.730280227,"remaining_time":0.05719934635},
{"learn":[0.1510496405],"iteration":968,"passed_time":1.731850062,"remaining_time":0.05540490394},
{"learn":[0.1510295127],"iteration":969,"passed_time":1.733779315,"remaining_time":0.05362204067},
{"learn":[0.1509807673],"iteration":970,"passed_time":1.735423003,"remaining_time":0.05183034717},
{"learn":[0.150971834],"iteration":971,"passed_time":1.737242744,"remaining_time":0.05004402966},
{"learn":[0.1509528255],"iteration":972,"passed_time":1.739072446,"remaining_time":0.04825791987},
{"learn":[0.1508642068],"iteration":973,"passed_time":1.740799668,"remaining_time":0.04646898498},
{"learn":[0.1506871342],"iteration":974,"passed_time":1.74240866,"remaining_time":0.04467714512},
{"learn":[0.1505626006],"iteration":975,"passed_time":1.744065262,"remaining_time":0.04288685069},
{"learn":[0.1504796741],"iteration":976,"passed_time":1.745834493,"remaining_time":0.04109948142},
{"learn":[0.1503244575],"iteration":977,"passed_time":1.747375707,"remaining_time":0.03930701999},
{"learn":[0.1501655924],"iteration":978,"passed_time":1.748870913,"remaining_time":0.03751408496},
{"learn":[0.1500095699],"iteration":979,"passed_time":1.750710171,"remaining_time":0.03572877899},
{"learn":[0.1499507335],"iteration":980,"passed_time":1.75229218,"remaining_time":0.03393838066},
{"learn":[0.14993342],"iteration":981,"passed_time":1.753784985,"remaining_time":0.03214677163},
{"learn":[0.1498810939],"iteration":982,"passed_time":1.755414085,"remaining_time":0.03035812762},
{"learn":[0.1497457209],"iteration":983,"passed_time":1.757167218,"remaining_time":0.02857182468},
{"learn":[0.1495737213],"iteration":984,"passed_time":1.759017084,"remaining_time":0.02678706219},
{"learn":[0.1494320463],"iteration":985,"passed_time":1.760554517,"remaining_time":0.02499773148},
{"learn":[0.1493610802],"iteration":986,"passed_time":1.762529141,"remaining_time":0.02321466953},
{"learn":[0.1492178965],"iteration":987,"passed_time":1.764182079,"remaining_time":0.0214273127},
{"learn":[0.1490171105],"iteration":988,"passed_time":1.765734076,"remaining_time":0.01963910499},
{"learn":[0.1489332576],"iteration":989,"passed_time":1.767380553,"remaining_time":0.01785232882},
{"learn":[0.148779222],"iteration":990,"passed_time":1.769381457,"remaining_time":0.01606905461},
{"learn":[0.1487321995],"iteration":991,"passed_time":1.771138674,"remaining_time":0.0142833764},
{"learn":[0.1487222824],"iteration":992,"passed_time":1.772758218,"remaining_time":0.01249678502},
{"learn":[0.1487092313],"iteration":993,"passed_time":1.774547948,"remaining_time":0.01071155703},
{"learn":[0.1486810999],"iteration":994,"passed_time":1.776234632,"remaining_time":0.00892580217},
{"learn":[0.148615798],"iteration":995,"passed_time":1.777816039,"remaining_time":0.007139823451},
{"learn":[0.1485617454],"iteration":996,"passed_time":1.779713036,"remaining_time":0.005355204723},
{"learn":[0.1485518371],"iteration":997,"passed_time":1.78128386,"remaining_time":0.003569707134},
{"learn":[0.1484962156],"iteration":998,"passed_time":1.782976435,"remaining_time":0.001784761196},
{"learn":[0.1483377231],"iteration":999,"passed_time":1.784560655,"remaining_time":0}
]}